StarID,Star
1,Paul Weigel
2,Chris Cooper
3,Sean McGinley
4,Edie Adams
5,Harry Fischler
6,Natalie Portman
7,Nick Lehane
8,Marta Belfort
9,Mark Phoenix
10,Grete Berger
11,Bill Reimbold
12,Jessie Arnold
13,Paul Barrett
14,Alexander Gould
15,Des Webb
16,Sam Sheridan
17,Nellie Bly Baker
18,Michel Simon
19,Darling Légitimus
20,Peter Capell
21,Olga Abrego
22,Ellen Frey
23,Cicely Tyson
24,Kiyoshi Yanagawa
25,Chuck Aspegren
26,Elias Akobegia
27,Sarita Joshi
28,Bea Miller
29,Kerry Washington
30,Prakash Raj
31,Carter DeHaven
32,Nicholas Rowe
33,Vijay Kumar Dogra
34,Darrin Prescott
35,Lijo Mol Jose
36,David Mucci
37,Christopher Mintz-Plasse
38,Daisuke Ryû
39,Lamberto Maggiorani
40,Linda Cardellini
41,Madhavan
42,Fasi Khan
43,Edward Norton
44,Wilfred Lucas
45,Sanya Malhotra
46,Fritz Rasp
47,Leigh Gill
48,Rodolphe Pauly
49,Brían F. O'Byrne
50,Elizabeth Olsen
51,Annie Potts
52,Darlanne Fluegel
53,Nathalie Baye
54,John McLiam
55,Strother Martin
56,Frédéric Paquet
57,Malcolm McDowell
58,Bob Penny
59,Emily Mortimer
60,Cheech Marin
61,Jeremy Davies
62,Kokuten Kôdô
63,Vaughn Taylor
64,Karl Malden
65,Troy Doherty
66,Fritz Alberti
67,Torin Thatcher
68,Kyû Sazanka
69,Jack Shearer
70,Ege Kaya
71,Edward LeSaint
72,Charles Cork
73,Richard Widmark
74,Matt Doran
75,Rob Lyons
76,Erika von Tagen
77,Humberto Busto
78,Shirô Tamaki
79,Diana Rabito
80,Roger Imhof
81,Shirley MacLaine
82,Leleti Khumalo
83,Mary McDonnell
84,Keir Dullea
85,Rachel Griffiths
86,Saturno Cerra
87,Bill Hanrahan
88,Victor Argo
89,Choi Jong-ryol
90,Francesco Quinn
91,Adi Nitzan
92,Kiko Cerone
93,Rene Russo
94,Luigi Pistilli
95,George Maguire
96,Paul Tamarin
97,Laura Almela
98,Arun Bali
99,Sô Yamamura
100,Joe Mantell
101,Gale Hansen
102,Gottfried Huppertz
103,Al Coronel
104,Frederick Vroom
105,Monty Stuart
106,Christopher McDonald
107,Milo Gibson
108,Christian Bale
109,Hoagy Carmichael
110,David Proval
111,Fred Malatesta
112,Frank Sivero
113,Anthony Heald
114,George DiCenzo
115,Rick Overton
116,Oh Tae-kyung
117,Josh Pais
118,Tantoo Cardinal
119,Jack McMullen
120,Chris Ellis
121,Stellan Skarsgård
122,Jess Harnell
123,Dylan Minnette
124,Amanda Warren
125,Mathieu Amalric
126,Stephen Rea
127,Aidan Gillen
128,Minnie Driver
129,Marcia Jean Kurtz
130,Ron Taylor
131,Hiroshi Tanaka
132,Maeve Andrews
133,Kurt Russell
134,Larry J. Blake
135,Albert Austin
136,Sam Allen
137,Paul Lazar
138,Julius Callahan
139,Michiko Yamamoto
140,Nicholas Colasanto
141,Sophie Okonedo
142,Jimmy Dale Hartsell
143,Jason Schwartzman
144,Abdel-Moulah Boujdouni
145,Tim Roth
146,Darryl Hickman
147,Wayne Duvall
148,Sterling Hayden
149,Brandon Beach
150,Dick Smothers
151,John Mighton
152,Suriya
153,Thomas Thieme
154,Shigeru Wakita
155,Jerry Houser
156,Billy Crystal
157,Jon Sortland
158,Patricia Hitchcock
159,Rouiched
160,Wendell Corey
161,Buster Keaton
162,Stuart Wolfenden
163,Gino Ardito
164,Rodrigo Murray
165,Elizabeth Peña
166,Robert Ellenstein
167,Enzo Petito
168,Ed Harris
169,Kim Ri-woo
170,Haruo Tanaka
171,Martin Sheen
172,Hubertus Bengsch
173,Tom Nawn
174,Sydney James Harcourt
175,Takeshi Katô
176,Al Martino
177,Charles D. Brown
178,Yolande Moreau
179,Michael Parks
180,Zoë Kravitz
181,Aleksey Kravchenko
182,Leandro Firmino
183,Herbert Siguenza
184,Hannes Messemer
185,Daisuke Katô
186,Michel Gomes
187,Woody Harrelson
188,Tex Rubinowitz
189,Kitty Bradbury
190,James Whitmore
191,Sydney Brower
192,Coco Leigh
193,Kevin Thompson
194,Eddie Quillan
195,Lee Norris
196,Keiichirô Katsumoto
197,I.S. Johar
198,Hunter Carson
199,Doug Jones
200,Dan Hedaya
201,Forest Whitaker
202,Chadwick Boseman
203,Augusto Dallara
204,Mohamed Ben Kassen
205,Denece Ryland
206,Gladys W. Allison
207,Vin Diesel
208,Shirin Azimiyannezhad
209,Harvey Keitel
210,Özge Özberk
211,Howard Hickman
212,Christine Francis
213,Eric Roberts
214,Barry McGovern
215,Connie Booth
216,Lee Dong-hwi
217,Fikret Kuskan
218,Jerome Dempsey
219,Kieron Jecchinis
220,Rudolf Schündler
221,Mack Swain
222,Angus Macfadyen
223,Akio Ôtsuka
224,Sally Norvell
225,Dwight Henry
226,Stephen Mangan
227,Yacef Saadi
228,Kevin Allen
229,Terry
230,Sam Robards
231,Jamey Sheridan
232,Douglas Seale
233,Ricky Jay
234,Robin Bartlett
235,Claudio Scarchilli
236,Heather Menzies-Urich
237,Ok-joo Lee
238,Jean Reno
239,Paul Maxwell
240,Ellen Burstyn
241,Jang Hye-jin
242,Gary Sinise
243,Jared Lounsbery
244,Vincent Cassel
245,Gwyneth Paltrow
246,Javier Fernández-Peña
247,Gerran Howell
248,Kim Eun-yeong
249,Frankie McCafferty
250,Kevin Costner
251,William Holden
252,Nelly Arno
253,Leslie Odom Jr.
254,Elliott Gould
255,Tom Powers
256,Jack Klaff
257,Daniel Day-Lewis
258,Eli Roth
259,Jordan Nagai
260,Aldo Giuffrè
261,Tim Pigott-Smith
262,Leonard Carey
263,Chris Jackson
264,Ellen Pompeo
265,Tomohiro Nishimura
266,Bill Burrows
267,Ulrich Mühe
268,Robert Dobson
269,John Patrick
270,Larry Carroll
271,Spencer Aste
272,Giusi Merli
273,Tom Holland
274,Max Kasch
275,Malgorzata Gebel
276,Martina Gedeck
277,Zack Eginton
278,Natascha McElhone
279,Arnet Amos
280,Iota
281,Philip Moon
282,Samar Parshuram
283,Rutanya Alda
284,Betty Allen
285,Ian Harding
286,Blair Slater
287,Emma Thompson
288,Richard Bender
289,Charlie Sheen
290,Jacqueline Dalya
291,Stephen Boyd
292,Tom Helmore
293,Larry Pine
294,Sela Ward
295,Kelly Macdonald
296,Beau Kayser
297,Hiroko Maruyama
298,Paul F. Tompkins
299,Pablo Rago
300,George Dzundza
301,Craig Mutsch
302,Jonathan Loughran
303,Tom Farrell
304,Judy Garland
305,Claire Davenport
306,Kevin McKidd
307,Thomas Arnold
308,Sinéad Cusack
309,Darrell Britt-Gibson
310,Franz Balluck
311,Stephen Merchant
312,Ryan Sturz
313,Matthew Braden Stringer
314,Matthew Modine
315,Zia Mohyeddin
316,Paolo Seganti
317,Daniel Mays
318,Steve Sweeney
319,Won Geun-hee
320,Timothy Carey
321,Mark Ruffalo
322,Michel Robin
323,Andie MacDowell
324,Debbie Reynolds
325,Treva Etienne
326,Fredric March
327,Tom Hiddleston
328,Avril Stewart
329,Lionel Atwill
330,Mhairi Calvey
331,Jeon Mi-seon
332,Richard Harris
333,Darcy Bryce
334,Maureen McBride
335,Karamveer Choudhary
336,Manolo Solo
337,Olga Mironova
338,Ernst Deutsch
339,Tarun Shukla
340,Alison Crosbie
341,Samia Shoaib
342,Fritz Odemar
343,John Turturro
344,Jean Hagen
345,Frank Middlemass
346,Tim Robbins
347,Omar Sy
348,Teresa Palmer
349,Joseph Sweeney
350,Marc Cavell
351,Jackie Earle Haley
352,Lori Anne Flax
353,Bill Murray
354,Mario Gallo
355,Greg Tarzan Davis
356,Omar Sharif
357,Jim Meskimen
358,Blythe Danner
359,Billy Byrne
360,Andy Beckwith
361,Jüri Lumiste
362,Eva Marie Saint
363,Beverly Wills
364,James Robinson
365,Emma Henry
366,Alex McCrindle
367,Daniel Gerson
368,Meat Loaf
369,Marton Csokas
370,Michael Caine
371,Keiko Tsushima
372,Maria Bello
373,Maud Hansson
374,Anthony Hopkins
375,Clive Revill
376,Cedra Izzam
377,John Lithgow
378,Zazie Beetz
379,James Westerfield
380,Moira Kelly
381,Sujatha Sivakumar
382,Robson Rocha
383,Nestor Carbonell
384,Miri Fabian
385,G. Velts
386,Kim Jin-hyung
387,Michel Ray
388,Castulo Guerra
389,Lance Henriksen
390,Thayne Jasperson
391,Bette Davis
392,Kewpie Morgan
393,Christiane Kubrick
394,María Rosa López Ottonello
395,Guillermo Calles
396,Ali Fattahi
397,Klaus Kinski
398,Rob Campbell
399,Paul Birch
400,Lionel Barrymore
401,Al Silvani
402,Paula Newsome
403,David Tennant
404,Marco Pérez
405,Christopher Plummer
406,Shankar Sachdev
407,Kofi Siriboe
408,Ian Porter
409,Benny Bartlett
410,Wayne Morris
411,Paul Gleason
412,Park Keun-rok
413,Martin Hemme
414,Anthony Brophy
415,Jack Bird
416,Sam Kennard
417,Scott Beach
418,Benedict Cumberbatch
419,Til Schweiger
420,JJ Feild
421,Harriet Sansom Harris
422,Mariella Lo Giudice
423,Allelon Ruggiero
424,Burn Gorman
425,Bugs Bhargava Krishna
426,Rodney A. Grant
427,Treat Williams
428,Melville Cooper
429,Burt Lancaster
430,Kevin Breznahan
431,Clifton James
432,Yogesh Soman
433,Thomas B. Duffy
434,Rudolph Anders
435,Jack Hawkins
436,Gregory Jbara
437,Evie Wray
438,Karen Gillan
439,Fred MacMurray
440,Chris Evans
441,Paul Hörbiger
442,Liese Lyon
443,Miyu Irino
444,Christopher Walken
445,Tony Fucile
446,Peter Sellers
447,Volker Zack
448,Heihachirô Ôkawa
449,Michael Biehn
450,Kenji Kodama
451,Larry Franco
452,Djimon Hounsou
453,Michael Sheard
454,Jan Fedder
455,Delroy Lindo
456,Wendy Hiller
457,P.H. Moriarty
458,Harry Arras
459,Jimmie Dale Gilmore
460,Stephen Billington
461,Henry Victor
462,Tommy Flanagan
463,David Baxt
464,Claire Geare
465,Edward Arnold
466,Jacob Stringer
467,Andy Serkis
468,Christopher Massey
469,Rand Brooks
470,Stanley Blystone
471,Antonin Artaud
472,James Stewart
473,Donald Fullilove
474,Ana Reeder
475,Thomas F. Walsh
476,Tsunehiko Kamijô
477,Adrienne Barbeau
478,Gamil Ratib
479,José Luis Gioia
480,John Goodman
481,Kanon Tani
482,Raymond Chandler
483,Charles Halton
484,Olivia Wilde
485,Émilie Caen
486,Gus Schilling
487,Mohammadhasan Asghari
488,Toshiya Ito
489,Krzysztof Luft
490,Jason Buckham
491,Amy Ryder
492,Ajay Naidu
493,Sandy Martin
494,Rosie Huntington-Whiteley
495,Sergio Mendizábal
496,C.J. Vana
497,Morgana King
498,Vincent Riotta
499,Al Israel
500,Gurkirtan
501,Marie-Laure Descoureaux
502,James V. Christy
503,Ione M. Telech
504,Chris Penn
505,Kenji Ôba
506,Kyle MacLachlan
507,Philip L. Clarke
508,Bonnie Bedelia
509,Yoshio Inaba
510,Anthony Quayle
511,Elizabeth Regen
512,Patrick McCabe
513,Raymond Bailey
514,Edward Furlong
515,Jung Yi-seo
516,Angela Cartwright
517,Patrick Allen
518,Alexandra Maria Lara
519,Rosamund Pike
520,Gary Shorelle
521,Cloris Leachman
522,Randy Brooks
523,Sten Ardenstam
524,Rob Reiner
525,Halliwell Hobbes
526,George Raft
527,Symba
528,Sayaka Ôhara
529,Marc Maron
530,Kathy Cronkite
531,Susse Wold
532,Roberta Rodrigues
533,Thomas Mitchell
534,J.C. MacKenzie
535,Jeff Bridges
536,Justin Mader
537,Janet Sarno
538,Howard Marion-Crawford
539,Scatman Crothers
540,Daniel Sunjata
541,Benjamin Adams
542,Benedict Wong
543,Dennis Farina
544,Joe Pingue
545,Michael Berry Jr.
546,Gene Hackman
547,Marilyn Monroe
548,George MacKay
549,Matthew McConaughey
550,Sig Ruman
551,Sissy Spacek
552,Suzy Amis
553,Jim Cummings
554,Michael Elsworth
555,Eugene Pallette
556,Shelagh Fraser
557,Michael Madsen
558,Benny Burt
559,Bradley Gregg
560,Anthony Ramos
561,Darius Chinoy
562,Kazuhiko Inoue
563,Bryce Dallas Howard
564,Sam Neill
565,Juan Santiago Linari
566,Christine Seabrook
567,Lloyd Gough
568,Tony Revolori
569,Philippe Noiret
570,Rosa María Bianchi
571,Abbey Lee
572,Michael Conner Humphreys
573,Jodi Benson
574,Seu Jorge
575,Jay Ellis
576,Conrad Veidt
577,Mady Kaplan
578,Michael Bird
579,Imogen Poots
580,Cameron Thor
581,Michael Cyril Creighton
582,Bert Freed
583,Vladas Bagdonas
584,Hana Shuan
585,Robert Guillaume
586,William Zeman
587,Robert Webber
588,Lesley Dunlop
589,Jamie de Courcey
590,Brad Rearden
591,Martin Semmelrogge
592,Eduardo Antonio Garcia
593,Mack Miles
594,Robert Carlyle
595,Jean Heather
596,Gino Conforti
597,Erik Strandmark
598,Jordan Charney
599,Agnes Moorehead
600,John Finn
601,Robert Beatty
602,Ed Agresti
603,Marie Kean
604,Paul Kemp
605,Kamlesh Sawant
606,V. Jayaprakash
607,Hawthorne James
608,Julia Rayner
609,Nick Borgani
610,Ko Seo-hie
611,Konstantin Shayne
612,Shirin Yazdanbakhsh
613,Eli Fucile
614,Ken Gibbel
615,Leon Vitali
616,Gérard Bonn
617,Robert Drivas
618,Dominique Briand
619,Horacio Vay
620,Kenneth Choi
621,Buzz Visconti
622,Derek Jacobi
623,Rogelio Douglas Jr.
624,Francis X. McCarthy
625,Léon Larive
626,Oh Dal-su
627,Benoît Magimel
628,Christian Redl
629,Jackie Coogan
630,Samia Kerbash
631,Lori Richardson
632,Lukas Haas
633,Ariana DeBose
634,Paolo Stoppa
635,Kelsey Scott
636,Michael Spears
637,Ingrid Bergman
638,Blanche Friderici
639,Guy Thauvette
640,Merila Zare'i
641,Ben Affleck
642,Alexander Zemeckis
643,Masaki Terasoma
644,Mieko Harada
645,Dylan Bruno
646,Fernando Chien
647,Lee Sun-kyun
648,De'voreaux White
649,Mitsuko Forstater
650,Scott Weinger
651,Julian Glover
652,Evanna Lynch
653,Fritz Dominique
654,Marion Cotillard
655,Robert Donner
656,Harry Groener
657,Turi Giuffrida
658,Elsie Codd
659,Abbas-Ali Roomandi
660,Suraj Naagar
661,John Howard
662,Hy Pyke
663,Dafne Keen
664,Tomas Arana
665,Roger Corman
666,Ahna O'Reilly
667,Giorgio Cantarini
668,Raymond Anthony Thomas
669,Ian Burfield
670,Rudy Romano
671,Valerie Colgan
672,William Hill
673,Charles Henry Smith
674,Dan Bergin
675,Mark Zycon
676,Susan Vidler
677,Lee Yong-nyeo
678,Ishita Dutta
679,Mahesh Balraj
680,Sam Berry
681,Kimberly Campbell
682,Audrey Fleurot
683,Toshio Egi
684,Emma Field-Rayner
685,John F. Hamilton
686,Bill Weston
687,James Caan
688,Arnaldo Santana
689,Tatsuya Mihashi
690,Kenneth Branagh
691,Giulio Chiari
692,Sam Mohan
693,Jason Miller
694,Edward G. Robinson Jr.
695,Jack Dempster
696,Eiko Miyoshi
697,Hailey Hermida
698,Christian Moro
699,Heath Ledger
700,Richard Kind
701,Frank Senger
702,Barton Heyman
703,Laura Cayouette
704,Jon Hamm
705,Charmian Carr
706,Kevin Corrigan
707,William Hope
708,Rajgopal Iyer
709,Richard Kuss
710,Angus Lennie
711,Naoki Tatsuta
712,Carlos Leon
713,Paul Fix
714,Celeste Holm
715,Karen Allen
716,Patrick Fugit
717,Brian H. Dierker
718,William Bronder
719,Anna Camp
720,Alison Coleridge
721,Kay Lee
722,Vanessa Bauche
723,Anne Baxter
724,Ken Lynch
725,George Alderson
726,Woody Strode
727,Brenda Dickson
728,Viva
729,Paula Pell
730,Kim Sang-kyung
731,Peter Hanly
732,Belinda McClory
733,Fort Atkinson
734,Ralph St. George
735,Panos Papadopulos
736,Robert Taylor
737,Anthony Dawson
738,Nergis Çorakçi
739,Marilù Carteny
740,Diane Venora
741,Evan Agos
742,Rod Steiger
743,Yetkin Dikinciler
744,Irvine Welsh
745,Jarin Towney
746,Nafise Jafar-Mohammadi
747,Lorraine Bracco
748,John Morris
749,Kristen Wiig
750,Mónica Villa
751,John Rhys-Davies
752,Curtiss Cook
753,Laura Linney
754,Millard Mitchell
755,Park No-shik
756,Lily Tomlin
757,Yasuko Sawaguchi
758,Suanne Spoke
759,Graham Duff
760,Clint Eastwood
761,Robert De Niro
762,Willem Dafoe
763,Erdal Tosun
764,Ravi Aneja
765,Fana Mokoena
766,Harry Asklund
767,Anil Nagarkar
768,John Savoca
769,Pat Gorman
770,Claudia Wells
771,Natasha Wightman
772,Yves Montand
773,Charlton Heston
774,Eolo Capritti
775,Jacob Warner
776,Daniel Davis
777,Larry Rapp
778,John Huston
779,Saïd Taghmaoui
780,Marcelo Frasca
781,Mickie McGowan
782,Paul Stewart
783,Terry Jones
784,Martin Brandt
785,Angelica Page
786,Hans-Uwe Bauer
787,Gina Petrushka
788,Paul Newman
789,Anthony Michael Hall
790,Tim McGarry
791,Muriel Moore
792,Mister Mackey Jr.
793,Richard Bakalyan
794,Jeremy Renner
795,Troels Thorsen
796,Hayden Saunier
797,Debbon Ayer
798,Neil Patrick Harris
799,Kim Byeong-Ok
800,Lebo Mashile
801,Rémy Girard
802,David Ahdar
803,Ted Levine
804,Raja Rani Pandian
805,Julie Forsyth
806,Ivana Baquero
807,Hinnerk Schönemann
808,Abdo Abdo
809,Kevin Dunn
810,Diane Kruger
811,Rajisha Vijayan
812,Eddie Baker
813,Kurti
814,Joe Williamson
815,Bruce Hopkins
816,Lisbeth Bartlett
817,Dimitri Dimitriev
818,Norbert Weisser
819,André Hennicke
820,Carolyn DeMirjian
821,Rocco Luna
822,J.J. Cohen
823,Haley Joel Osment
824,Warwick Davis
825,Rodger Boyce
826,Jorge Salinas
827,Kristen Stewart
828,Jim Varney
829,Joseph Mussey
830,Francis De Sales
831,Beth Grant
832,Billy Crudup
833,Park So-dam
834,David Bowie
835,Angus Barnett
836,Buster Brodie
837,Mark Rolston
838,Jack Oakie
839,Natalia Cordova-Buckley
840,Mandy Mao
841,John Dunn-Hill
842,William Windom
843,Faye Dunaway
844,Igor Gnevashev
845,Joaquin Phoenix
846,Barry Pepper
847,Charlotte Aronofsky
848,Lidia Alfonsi
849,Everett Brown
850,Jung Ik-han
851,Ernst Stahl-Nachbaur
852,Peter Masterson
853,Stanley Grover
854,Marie Ardell
855,Ishika Gagneja
856,John Albright
857,Dale Winton
858,Damian O'Hare
859,Bjarne Henriksen
860,Denis Ménochet
861,Machiko Kyô
862,Sean Connery
863,Martin Cavina
864,Barton MacLane
865,Juanjo Cucalón
866,Ade
867,Gilbert Gottfried
868,Tiny Sandford
869,Anna Q. Nilsson
870,Francesco Guzzo
871,Mario Alarcón
872,Rodger Bumpass
873,Ann Sears
874,Wil Wheaton
875,Harold Goodwin
876,Dominique Louis
877,John Carradine
878,Charles Fawcett
879,Richard McCabe
880,Ariana Richards
881,Patrick Durkin
882,Debbie Turner
883,Judi M. Durand
884,Frankie Avalon
885,Robert Cummings
886,Jacques Arnna
887,Paul Knauls
888,Francis Compton
889,Dyana Ortelli
890,Joseph Gordon-Levitt
891,William H. Macy
892,Alexandre Mihalesco
893,Sakshi Tanwar
894,Javanart Punynchoti
895,Laurence Griffin
896,Brian Cummings
897,Sergio Pablos
898,Alan Rickman
899,Frances Conroy
900,Chishû Ryû
901,Anne Hathaway
902,Naomi Stevens
903,Anthony Perkins
904,Urbain Cancelier
905,Hilary Swank
906,Josh Stewart
907,Mélissa Désormeaux-Poulin
908,Louise Lemoine Torrès
909,Nellie Sciutto
910,Corey Glover
911,Eric Bana
912,Joan Fontaine
913,Alister Mazzotti
914,Joe Grifasi
915,Gino Saltamerenda
916,Al Pacino
917,Jon Stafford
918,Paul Giamatti
919,Vilaiwan Seeboonreaung
920,Takuya Kimura
921,John Hofer
922,Kimiko Hiroshige
923,Randy Stuart
924,Triaksh Chhabra
925,Alfred Molina
926,Mena Suvari
927,Collin Wilcox Paxton
928,Curt Bois
929,Gene Gross
930,Clive Francis
931,Shea Whigham
932,Girish Kulkarni
933,Jee-Yun Lee
934,Percy Herbert
935,Jack Quaid
936,Darío Moreno
937,Susumu Fujita
938,Anthony Daniels
939,Mark Ryan
940,Robert Symonds
941,Pat Flaherty
942,Frank John Hughes
943,Lenny Montana
944,Adam Hugill
945,Cole Hauser
946,Çetin Tekindor
947,Ernie Sabella
948,Sif Ruud
949,Joel Polis
950,Ashley Judd
951,Dorothy Abbott
952,Mickey Dee
953,Henry Travers
954,Mila Brener
955,Dexter Fletcher
956,Frances Lee McCain
957,Jonathan Filley
958,Brian Delate
959,Mohamad Abdellatif
960,Kim Dickens
961,Noriko Honma
962,Belinda Palmer
963,Spencer Treat Clark
964,Bashir Salahuddin
965,Rich Turner
966,Roman Zeller
967,Ernie Adams
968,Ving Rhames
969,Walter Connolly
970,Murdock MacQuarrie
971,Evelyn Keyes
972,Murray Melvin
973,Lea Thompson
974,Robin Hughes
975,Robert Ruth
976,Bahare Seddiqi
977,Ryunosuke Kamiki
978,Carrie Henn
979,Henny Youngman
980,Yaphet Kotto
981,Carl Gottlieb
982,Claire Maurier
983,C. Aubrey Smith
984,Hugo Weaving
985,Maureen Lipman
986,James Badge Dale
987,Ken Daly
988,Brian Haley
989,Julie Andrews
990,Liubomiras Laucevicius
991,Antonio Casale
992,Donald O'Connor
993,Humphrey Bogart
994,Viola Davis
995,Arash Mansour
996,Barbara Bailey
997,James Garner
998,Roman Bohnen
999,Louise Fletcher
1000,Kit Gwin
1001,Robin Williams
1002,Charles Scorsese
1003,Margo Martindale
1004,Jena Malone
1005,Malcolm Weaver
1006,Neal Huff
1007,John Berry
1008,Mansai Nomura
1009,Harry Waters Jr.
1010,Sigourney Weaver
1011,Gladys Cooper
1012,Brad Pitt
1013,Betty Blair
1014,Phillipe Simon
1015,Vera Lockwood
1016,Tom Hardy
1017,Arthur O'Sullivan
1018,Pasquale Cajano
1019,James O'Neill
1020,Riya May Atwood
1021,Carol Bivins
1022,Charley Grapewin
1023,Ray Winstone
1024,Maude Eburne
1025,Bill Allison
1026,Ada Nicodemou
1027,Eileen Brennan
1028,Beatrice Garga
1029,Talia Shire
1030,Kristin Rudrüd
1031,Jane Nolan
1032,Gunnel Broström
1033,Kei Satô
1034,Maximiliano Hernández
1035,Irene Winston
1036,Michael Gambon
1037,Tami Mauriello
1038,Gladys George
1039,Ilario Calvo
1040,Peter Krause
1041,Pat Henning
1042,Fred Willard
1043,Leslie Howard
1044,Bolaji Badejo
1045,Legamett Alamou
1046,G. Yelkin
1047,Renée Elise Goldsberry
1048,Maximilian Schell
1049,Bruce Willis
1050,Mark Ferguson
1051,Lina Mira
1052,Gay Hamilton
1053,Philip Seymour Hoffman
1054,Peter Brocco
1055,Peter Gallagher
1056,Elizabeth Berridge
1057,Mitsuko Ishida
1058,Young-hee Lee
1059,Rachel Dratch
1060,Randal Edwards
1061,Holland Taylor
1062,Lianella Carell
1063,Keram Malicki-Sánchez
1064,Penny Brahms
1065,Wayne Rogers
1066,Aldo Berti
1067,Adrienne Corri
1068,Seamus Moran
1069,Claude Anderson
1070,Mitsuhiro Môri
1071,Andrew Kevin Walker
1072,John Boxer
1073,Quentin Tarantino
1074,Shannon Egleson
1075,Nastassja Schmiedt
1076,Jenette Goldstein
1077,Gary Lockwood
1078,William A. Boardway
1079,Kathryn Hahn
1080,Bill Baldwin
1081,Malcolm Waite
1082,Christina Cabot
1083,Choi Woo-sik
1084,Dennis Hopper
1085,Arthur Hoyt
1086,Margaret Brayton
1087,Guillermo Francella
1088,Pupella Maggio
1089,Shin'ya Hamazoe
1090,Zarrin Darnell-Martin
1091,Claudio Alfonsi
1092,Fairuza Balk
1093,Endre Hules
1094,Jack Angel
1095,Jude Ciccolella
1096,Michael Palin
1097,Ed Bishop
1098,Gonzalo Uriarte
1099,Shane Meier
1100,Park Hae-il
1101,Sharon Stone
1102,Guy Kibbee
1103,Emil Beheshti
1104,Eddie Gribbon
1105,Alfred Abel
1106,Kim Min-hee
1107,Rosie Motene
1108,Pepe Serna
1109,Dean Cundey
1110,Dabbs Greer
1111,Charles Vanel
1112,Young-ae Kim
1113,Simon Callow
1114,Ryan Whitney
1115,Chris Rebello
1116,Kimia Hosseini
1117,Yoshio Kosugi
1118,Matt Mercier
1119,Jytte Kvinesdal
1120,Edward Fielding
1121,Bernard Gorcey
1122,Doris Deane
1123,Zach Hopkins
1124,Alicia Rhett
1125,Carrie Fisher
1126,Kgomotso Seitshohlo
1127,Frank Darien
1128,Frances McDormand
1129,Prathamesh Parab
1130,Larissa Kokernot
1131,Tony Bentley
1132,M. Emmet Walsh
1133,Martin Starr
1134,Byun Hee-Bong
1135,Nicola Collins
1136,John Edward Allen
1137,Nellina Laganà
1138,Danny Ramirez
1139,Lee Arenberg
1140,Barry Corbin
1141,Ben Miles
1142,Brie Larson
1143,Dennis Holahan
1144,Dennis Hayden
1145,Per Sjöstrand
1146,Kenneth MacKenna
1147,Amy Wright
1148,Roger Casamajor
1149,Robert Wahlberg
1150,Hans Weingartner
1151,Bala Hasan
1152,Burak Akçakaya
1153,Inga Landgré
1154,Kym Karath
1155,Pat O'Brien
1156,Victor Sjöström
1157,Rutger Hauer
1158,Adam Elliot
1159,Pierre Watkin
1160,Alan Howard
1161,Darlan Cunha
1162,Peter van Eyck
1163,Virginia Christine
1164,Lisa Summerour
1165,Vinnie Jones
1166,Médard Niang
1167,Justus von Dohnányi
1168,Martin Wuttke
1169,Nye Heron
1170,John Hillerman
1171,George Voskovec
1172,Joseph Bernard
1173,Chuck Low
1174,Frederic Forrest
1175,G.D. Spradlin
1176,Aleksandr Berda
1177,Livio Lorenzon
1178,Shichisaburô Amatsu
1179,Leonid Kinskey
1180,Christoph Waltz
1181,Larry Brandenburg
1182,David Steen
1183,Michael Mendl
1184,Fletcher Allen
1185,Anne Le Ny
1186,Larry Holden
1187,Harish Khanna
1188,Xia Soua Chang
1189,Sydney Greenstreet
1190,Jude Law
1191,Carole Lombard
1192,Joan Shawlee
1193,Allan Graf
1194,David Powledge
1195,Atsuo Omote
1196,Chiaki Kuriyama
1197,Ryûtarô Gomi
1198,Scott Grimes
1199,Chaouki Charbel
1200,Shawn Law
1201,Park Myeong-hoon
1202,Greg Berg
1203,Mika Sekita
1204,David Lewis
1205,Robin Wright
1206,Christopher Denham
1207,Embeth Davidtz
1208,Aline Levasseur
1209,Manikandan K.
1210,Viktor Manaev
1211,Carla Belver
1212,Jaimz Woolvett
1213,Scott Bakula
1214,Jared Leto
1215,Marcia Gay Harden
1216,Robert Graf
1217,Minoru Chiaki
1218,Johnny Seven
1219,Sara Stewart
1220,Michael Gover
1221,Rufus Sewell
1222,Jonathan Taylor Thomas
1223,Greta Lee
1224,Anthony Gonzalez
1225,James Hayden
1226,Laura Dern
1227,Christopher Carley
1228,Sonny Vue
1229,Tyler Perry
1230,Jason Flemyng
1231,Richard Edson
1232,Luis Valdez
1233,Vivien Cardone
1234,Amir Ali Said
1235,Mahmut Gökgöz
1236,Masashi Hirose
1237,Mohammad Al Abdallah
1238,Crispin Glover
1239,Takhir Matyullin
1240,Madge Ryan
1241,Nate Irwin
1242,Anshuman Pushkar
1243,Rao Ramesh
1244,Philip Van Zandt
1245,Ha Si-yeon
1246,John Terry
1247,Rudy Bond
1248,Ali-Asghar Shahbazi
1249,Giovanni Tarallo
1250,Lucy Liu
1251,Jack Scardino
1252,Sylvester Stallone
1253,Roy Stephens
1254,Frank Gallegos
1255,Eli Marienthal
1256,Connie Nielsen
1257,Barry Nelson
1258,Dylan Kussman
1259,Nicolai Dahl Hamilton
1260,Susan Backlinie
1261,Don Sherman
1262,David Dastmalchian
1263,Ian McDiarmid
1264,H.V. Kaltenborn
1265,Jürgen Prochnow
1266,Adnan Kundi
1267,Ann Gillis
1268,Sergio Bini Bustric
1269,Emilio Echevarría
1270,Spencer Chan
1271,James Waterston
1272,Tano Cimarosa
1273,Sophie Marceau
1274,Johnny Depp
1275,Jake Steinfeld
1276,Rita Moreno
1277,Alice Ghostley
1278,Kernan Cripps
1279,David Andrews
1280,Karan Soni
1281,Evgeniy Kryzhanovskiy
1282,Mary Treen
1283,Christine Estabrook
1284,René Baranger
1285,Paul Rudd
1286,Linus Roache
1287,Mark Ivanir
1288,Thomas G. Waites
1289,Daisy Kocher
1290,Dean Stockwell
1291,Ha Jung-woo
1292,F. Murray Abraham
1293,Leonardo Sbaraglia
1294,Armelle
1295,Franklyn Farnum
1296,Stephen Marcus
1297,Jimmy Bryant
1298,Christopher Neame
1299,Akemi Yamaguchi
1300,Patrick Aherne
1301,Carlo Jachino
1302,George C. Scott
1303,Fred Aldrich
1304,Pîtâ
1305,Bárbara Palladino
1306,Blake Friedman
1307,Harry Wilson
1308,Ellen Greene
1309,Kim Jong-dae
1310,Carrie-Anne Moss
1311,Harry Carey
1312,William O'Malley
1313,Eugene Silvain
1314,Akiji Kobayashi
1315,James Earl Jones
1316,John Clive
1317,Erich Ponto
1318,Aubrey Morris
1319,Martha Scott
1320,Mary Bayless
1321,Mark Moses
1322,Mel Gibson
1323,Frank Finlay
1324,Cathy O'Donnell
1325,Cecil Reynolds
1326,Rashida Jones
1327,Sarah Rayne
1328,Livio Andronico
1329,Elizabeth Banks
1330,Stacy Keach
1331,Ashish Warang
1332,Miriam Colon
1333,Boluwatife Treasure Bankole
1334,Bronagh Gallagher
1335,Joanne Gordon
1336,Jamie Foxx
1337,Yoshiko Shinohara
1338,Clarence Gilyard Jr.
1339,Gunnar Olsson
1340,Leonard Rossiter
1341,Anna Lee
1342,Robert Harper
1343,Hugh Griffith
1344,Christian Ameri
1345,Boyd Holbrook
1346,Paul Delauzac
1347,Marlon Brando
1348,Mike Starr
1349,Harold Benedict
1350,Jeanne Carpenter
1351,Vikrant Massey
1352,Elie Docter
1353,Lisa Cloud
1354,Titos Vandis
1355,Brian Kerwin
1356,Lee Jae-eung
1357,Charles C. Wilson
1358,Candice Azzara
1359,Gillian Anderson
1360,Yôji Matsuda
1361,Ford West
1362,Peter Benchley
1363,Scoot McNairy
1364,Sonny Bupp
1365,Sean Bean
1366,Graham Beckel
1367,Slim Pickens
1368,Ken Watanabe
1369,Jorja Fox
1370,Caleb Landry Jones
1371,Tyler Kimball
1372,Tracy Reed
1373,Richard Roundtree
1374,Amandla Stenberg
1375,Tom Wilkinson
1376,Robert O'Neil
1377,Paul Sorvino
1378,Anne Jackson
1379,Ellen Corby
1380,Robert Maaser
1381,Elias Koteas
1382,Kurt Schweickhardt
1383,Mindy Kaling
1384,Arthur Keegan
1385,Keanu Reeves
1386,Shirley Henderson
1387,Ralph Dunn
1388,Bess Flowers
1389,Drewe Henley
1390,Wilford Brimley
1391,Tara Reid
1392,Harry Myers
1393,John DeMita
1394,Myk Watford
1395,Diabolo
1396,Barry Humphries
1397,Koba Hayashi
1398,Joy Page
1399,Okieriete Onaodowan
1400,Song Kang-ho
1401,Wallace Shawn
1402,Vanessa Martinez
1403,Annika Wedderkopp
1404,Jon Bernthal
1405,Rusty Goffe
1406,Frank Harper
1407,Jodi Letizia
1408,Héloïse Rauth
1409,Erica Grant
1410,Dan Washington
1411,Joachim Paul Assböck
1412,Dave Barry
1413,Riki Lindhome
1414,Elliot Page
1415,Paul McCrane
1416,Antonio Centa
1417,Lasse Fogelstrøm
1418,P.J. Byrne
1419,Rita Davies
1420,Richard Gere
1421,Rick Ducommun
1422,Josh Brolin
1423,Hugh Miller
1424,Ian Wolfe
1425,James Marcus
1426,Gordon Jackson
1427,Claudette Colbert
1428,Clancy Brown
1429,William Fichtner
1430,Judd Hirsch
1431,Riley Keough
1432,Nicholas Bird
1433,Max von Sydow
1434,Nandu Hinds
1435,Roger Rees
1436,Corey Feldman
1437,Corey Burton
1438,Idris Elba
1439,John Cassini
1440,Whoopi Goldberg
1441,Frank Cady
1442,Brigitte Helm
1443,Bruno Ganz
1444,John Young
1445,Toyo Takahashi
1446,Greg Wood
1447,Wes Chatham
1448,Herbert Grönemeyer
1449,Ronnie Fox
1450,Randall Carver
1451,Dennis Christopher
1452,Denis Lawson
1453,Ulrich Noethen
1454,Anurag Arora
1455,Roy Scheider
1456,Peter Maloney
1457,Alan Gifford
1458,Rahul Kumar
1459,Lorella Cravotta
1460,Roy Jenson
1461,Jennifer Tilly
1462,Ann Rutherford
1463,T.K. Carter
1464,Giuseppe Andrews
1465,Jonathan Groff
1466,Peter Ily Huemer
1467,Sanjay Bishnoi
1468,Mike Vogel
1469,Alison Doody
1470,Kazumi Nozaki
1471,Jack MacGowran
1472,Alexei Sayle
1473,Ray Liotta
1474,Josef Davies
1475,Guru Somasundaram
1476,James O'Rear
1477,Faustini
1478,Patrick McVey
1479,Ellen Widmann
1480,Nobuo Nakamura
1481,Matt Carey
1482,Pat Hurst
1483,Folke Sundquist
1484,Rowan Atkinson
1485,John Fiedler
1486,Benito Martinez
1487,Debi Mazar
1488,Gerard Butler
1489,Louis Ravet
1490,Lorenzo Caccialanza
1491,José Sefami
1492,Smita Inamdar
1493,Philip Ober
1494,Austin Stowell
1495,Joe Spinell
1496,Marc Aden Gray
1497,Alexander Godunov
1498,Shaun Patten
1499,Richard Haydn
1500,Annie Louise Ross
1501,Bruce Norris
1502,James Gaulke
1503,Olga Karlatos
1504,Bruno Doyon
1505,John Heldabrand
1506,Mary Kay Bergman
1507,Alan King
1508,Avon Long
1509,Tom Hanks
1510,William Forsythe
1511,Ron Vawter
1512,Jeff Pidgeon
1513,James Sloyan
1514,Tom Cruise
1515,Juliane Köhler
1516,Jeni Vici
1517,Denzel Whitaker
1518,Richard Carter
1519,Cindy Grover
1520,Emma Stone
1521,Bonnie Hunt
1522,Tim DeKay
1523,Ethan Hawke
1524,Keith David
1525,Vera Farmiga
1526,Edward Biby
1527,Chris Isaak
1528,Jean Dujardin
1529,Song Jae-ho
1530,Margaret Hamilton
1531,Fouzia El Kader
1532,Jagbir
1533,Marcus Chait
1534,Nathan Jones
1535,Diane Keaton
1536,Jeffrie Lane
1537,Blake Clark
1538,Tim Rose
1539,Marianne Muellerleile
1540,Joe Pantoliano
1541,Jean Martin
1542,Jason Bose Smith
1543,Maurice Schutz
1544,Richard Edge
1545,Erich von Stroheim
1546,Steve Eastin
1547,Peter Anthony Tambakis
1548,Hubert Fabian Kulterer
1549,Frank DiLeo
1550,Murphy Guyer
1551,David Huddleston
1552,Brian d'Arcy James
1553,Tohoru Masamune
1554,Doshia Darmane
1555,Malaya Rivera Drew
1556,Kevork Malikyan
1557,Farida Dadi
1558,N. Lisichenok
1559,John DiMaggio
1560,Bruce Kirby
1561,Jesse Doran
1562,Arian Moayed
1563,Akira Terao
1564,Kendall Cunningham
1565,Andrea Eckert
1566,Chee Thao
1567,Jason Robards
1568,Donald Moffat
1569,Melissa Benoist
1570,Guy Pearce
1571,Mike Hatton
1572,Patricia Clarkson
1573,Lexi Cowan
1574,Jae-Duk Han
1575,Luke Bracey
1576,Yumi Tamai
1577,Jinpachi Nezu
1578,Finlay Currie
1579,Maurice Bénichou
1580,Virginia Patton
1581,Leslie Hamilton Gearren
1582,Chin Han
1583,Ben Kingsley
1584,Artus de Penguern
1585,Salvatore Basile
1586,Rada Rassimov
1587,Vera Miles
1588,Mahershala Ali
1589,Fausto Guerzoni
1590,Steve Murphy
1591,Clara Blandick
1592,Thomas Bo Larsen
1593,Craig Ferguson
1594,Robin Atkin Downes
1595,Harold Ayer
1596,Grégoire Gromoff
1597,Joseph Mazzello
1598,Jack Creley
1599,Brian Dennehy
1600,Lillian Crane
1601,Harold Gould
1602,Gabriel Byrne
1603,Ben Harlan
1604,Cyril Mendy
1605,Al Matthews
1606,Whit Hertford
1607,Yûko Tanaka
1608,Bruce Spence
1609,Diane Ladd
1610,Marion Mack
1611,Warren Finnerty
1612,Matthew Scurfield
1613,Ray Bolger
1614,Mabutho 'Kid' Sithole
1615,Edward Fayton
1616,Claude Stroud
1617,Patrick McGoohan
1618,Taran Killam
1619,Rod Sell
1620,Paul Freeman
1621,Arch Johnson
1622,Alfonso Arau
1623,John Savage
1624,Josefine Gråbøl
1625,Bliss Chevalier
1626,Martin Ferrero
1627,Stephen Root
1628,Billy Boyd
1629,Priyanshu Chatterjee
1630,Stevo Polyi
1631,Artemio Antonini
1632,Jack Purvis
1633,Horst Buchholz
1634,Gastone Moschin
1635,Peter Sohn
1636,V. Vasilyev
1637,Léa Seydoux
1638,B.F. Blinn
1639,Tom Skerritt
1640,David Hemmings
1641,Max Martini
1642,Austin Butler
1643,Eric Stoltz
1644,Gary Landon Mills
1645,Richard Dysart
1646,Julian Walsh
1647,Götz Otto
1648,Kathy Najimy
1649,Judith Anderson
1650,Ted Raymond
1651,Victor Steinbach
1652,Mohammad Haj Hosseini
1653,Carl Bressler
1654,Paul Bartel
1655,Walton Goggins
1656,Bertil Anderberg
1657,Ellen DeGeneres
1658,Billy Dee Williams
1659,Gene Amoroso
1660,Nino Terzo
1661,Gabriel Iglesias
1662,Vicki Lewis
1663,Oliver Reed
1664,Norio Matsui
1665,Earl Boen
1666,George Reeves
1667,Floyd Anderson
1668,Kenny Baker
1669,Chazz Palminteri
1670,Gerard Murphy
1671,Ege Tanman
1672,Jamie McShane
1673,Dierdre Downing-Jackson
1674,Steve McQueen
1675,Joe Turkel
1676,Cybill Shepherd
1677,Cynthia Wood
1678,Tyrone Power
1679,Jack O'Connell
1680,Freddie Jones
1681,Owen Wilson
1682,Zen Murase
1683,The Mydolls
1684,Gunnar Björnstrand
1685,J.J. Hardy
1686,Arthur Storch
1687,Jake Picking
1688,Yoshirô Aoki
1689,Isao Kimura
1690,Cherrilene Cardinal
1691,Robert Clotworthy
1692,Josh Lucas
1693,Dante Pereira-Olson
1694,Alaa Chouchnieh
1695,Pratima Kulkarni
1696,Ji Dae-han
1697,Carl J. Matusovich
1698,Hubert Koundé
1699,Thora Birch
1700,Mike Donlin
1701,Garth Avery
1702,Isabelle Nanty
1703,Heinz Hoenig
1704,Absa Diatou Toure
1705,Victor Jory
1706,Kathryn McGuire
1707,August Diehl
1708,Michael Toy
1709,Margaret Tyzack
1710,Claude Rains
1711,Nabil Ben Mhamed
1712,Shin Hyun-jong
1713,María Laura Caccamo
1714,Sally Kirkland
1715,T.J. Miller
1716,Sandy McMaster
1717,Nils Poppe
1718,Beulah Bondi
1719,Patrick Baladi
1720,Mr. Peck
1721,Kevin Cooney
1722,Michael Clarke Duncan
1723,Kavita Patil
1724,Giovanni Corporale
1725,Diane Baker
1726,Walter Bacon
1727,Kamal Mirkarimi
1728,Tim Holt
1729,Lurene Tuttle
1730,Frank Faylen
1731,Jason Lee
1732,Benkt-Åke Benktsson
1733,William Bailey
1734,Shin'ichi Chiba
1735,Selah Atwood
1736,Roman Polanski
1737,Elizabeth McGovern
1738,Dana Andrews
1739,Sachiko Mitani
1740,Cate Blanchett
1741,Laurence Fishburne
1742,Aoi Yûki
1743,Burt Young
1744,Beverley Elliott
1745,Randolph Scott
1746,Penn Jillette
1747,Erin Gerasimovich
1748,Jafar Seyfollahi
1749,Fortunato Arena
1750,George Davis
1751,Myrna Loy
1752,Dan Butler
1753,Enzo Cannavale
1754,Anant Joshi
1755,Miriam F. Glover
1756,Joanna Lumley
1757,Ethan Suplee
1758,Jonny Lee Miller
1759,Frank S. Aronson
1760,Zahra Mirzai
1761,Jack Alexander
1762,Madeleine Lebeau
1763,Joseph Bradley
1764,John Benson
1765,Jason Statham
1766,Isuzu Yamada
1767,Orla Pederson
1768,Steve Edelman
1769,William Bell
1770,John Dimech
1771,Sam Douglas
1772,John Qualen
1773,Veriano Ginesi
1774,Volkmar Kleinert
1775,Jimmy Gambina
1776,Ryu Tae-ho
1777,Al Leong
1778,Laura Lovelace
1779,Janis Dardaris
1780,Jaime Camil
1781,Omi Vaidya
1782,Carl Weathers
1783,Martin Savage
1784,Ray McKinnon
1785,Bob Stephenson
1786,Alon Aboutboul
1787,Arthur Kennedy
1788,Adam Williams
1789,David McCallum
1790,Douglas Silva
1791,Jayson Blair
1792,Binnur Kaya
1793,Bengt Ekerot
1794,Gustavo Sánchez Parra
1795,Emily Ratajkowski
1796,Jimmy Herman
1797,Spencer Fox
1798,Umberto Alivernini
1799,Marc McClure
1800,Sam Bottoms
1801,Boyd Cabeen
1802,José Torvay
1803,Serif Sezer
1804,Dave Goelz
1805,Francesca De Sapio
1806,Virginia Cherrill
1807,Geeta Agrawal Sharma
1808,Lucila Mangone
1809,Emily Blunt
1810,Il-han Oo
1811,Miki Odagiri
1812,Clark Gable
1813,Masahiro Kanetake
1814,Jesslyn Fax
1815,Rajat Kapoor
1816,Béatrice Macola
1817,Karl Swenson
1818,Gregory Ratoff
1819,Suzanne Pleshette
1820,Yukiko Shimazaki
1821,Klaus Wennemann
1822,Von Lewis
1823,Charlie Dell
1824,Yoshio Tsuchiya
1825,Matheus Nachtergaele
1826,Geoffrey Horne
1827,Arnold Schwarzenegger
1828,Laurent Labasse
1829,Jack Haley
1830,Alanna Ubach
1831,Björn Bjelfvenstam
1832,Vivien Leigh
1833,Roger Allam
1834,Bob Orwig
1835,Machiko Washio
1836,George Kennedy
1837,Kem Dibbs
1838,Joseph Egger
1839,Mackenzie Crook
1840,Seizaburô Kawazu
1841,Russell Simpson
1842,Albert Brooks
1843,James Hong
1844,Kevin Gage
1845,Bob Mack
1846,Antonella Attili
1847,Dileep Rao
1848,Chaitali Bose
1849,Robert Shaw
1850,Christian Berkel
1851,Brian Libby
1852,Ciarán Hinds
1853,Rachel Singer
1854,James Remar
1855,Thomas Lennon
1856,William Wisher
1857,James Keane
1858,Edmund Cobb
1859,Sharon Washington
1860,Karen Carlisle
1861,Gerry Robert Byrne
1862,Norman Lloyd
1863,Babs Olusanmokun
1864,Kerry Rossall
1865,Orson Welles
1866,Jo Connor
1867,Bob Collins
1868,Andrew Weir
1869,Terrence Howard
1870,Michael Fassbender
1871,Nobuo Kaneko
1872,Peter Williams
1873,Ed O'Ross
1874,Joyce Jameson
1875,Samad Farhang
1876,William Pullen
1877,Copper Cunningham
1878,Pablo Machado
1879,Chris Chalk
1880,Scott Mann
1881,Charles Williams
1882,Rebecca Williams
1883,Louise Lasser
1884,John Savident
1885,Joseph McKenna
1886,Ben Burtt
1887,Vasiliy Domrachyov
1888,Monica Barbaro
1889,Nathan Lane
1890,Marlon Wayans
1891,Danny Mann
1892,Salimata Kamate
1893,Jeffrey DeMunn
1894,Mike Colter
1895,David O'Hara
1896,Madeleine Swift
1897,Al Ernest Garcia
1898,Gedeon Burkhard
1899,Francisco Vidal
1900,Gary Houston
1901,Olivia de Havilland
1902,Tom Mason
1903,Kirk Baltz
1904,Tara Frederick
1905,Charles Bronson
1906,Claudia Cardinale
1907,James Donald
1908,Jeff Goldblum
1909,Clay Donahue Fontenot
1910,Kaito Ishikawa
1911,Tony Burton
1912,Brian Price
1913,Ted Welch
1914,Selene Luna
1915,Rowan Witt
1916,Kerry Condon
1917,Russell Crowe
1918,George Christy
1919,Bernie Allen
1920,Chris Elliott
1921,Kevin Pollak
1922,James Cromwell
1923,Ayesha Dharker
1924,Alexandra Rapaport
1925,Yuriko Ishida
1926,John Bindon
1927,Caitríona Balfe
1928,Paul Winfield
1929,Mone Kamishiraishi
1930,John Carroll Lynch
1931,Sam Jaffe
1932,Kasia Stelmach
1933,Meryl Streep
1934,Calum Gittins
1935,Frankie Faison
1936,Alida Valli
1937,Dickie Gravois
1938,Adrien Brody
1939,Emile Hirsch
1940,Sean Bridgers
1941,Danny Lloyd
1942,Yngve Nordwall
1943,Frank Berry
1944,Kendall Joy Hall
1945,Warren Keith
1946,Richard Frank
1947,Shane Rimmer
1948,Billy Bob Thornton
1949,Henry Jones
1950,Dana Elcar
1951,Patrick Hines
1952,Jessica Kate Meyer
1953,Paul Henreid
1954,Mariano Argento
1955,Joanna Cassidy
1956,Sarina Farhadi
1957,Enzo Staiola
1958,Darío Grandinetti
1959,Jayant Kripalani
1960,Charlie Adler
1961,S. Epatha Merkerson
1962,Choi Min-sik
1963,J.K. Simmons
1964,Danny Cooksey
1965,Soledad Villamil
1966,Diego Starosta
1967,Craig Kingsbury
1968,Monique Gabriela Curnen
1969,Taylor Geare
1970,Papillon Soo
1971,T.S. Alexander
1972,Bill Murphy
1973,Paul Shenar
1974,Jake Gyllenhaal
1975,Edwin R. Habacon
1976,Ahney Her
1977,Edward G. Robinson
1978,BD Wong
1979,Jack Klugman
1980,Cristen Kauffman
1981,Lia Beldam
1982,Jack Kehler
1983,Kevin DeCoste
1984,Anthony Sharp
1985,Jung Ae Kwak
1986,Theo Lingen
1987,Jack Lemmon
1988,Emma Dunn
1989,Danny DeVito
1990,Tom Dugan
1991,Edna Purviance
1992,Billy Gray
1993,Joachim Bernhard
1994,Bryan Callen
1995,Harry Dean Stanton
1996,Henry Zebrowski
1997,Paul Goddard
1998,Yoon Jin-seo
1999,Nancy Lenehan
2000,Hun-Kyung Lee
2001,Jimmy Bates
2002,Walter Baldwin
2003,Godfrey Quigley
2004,William Sanderson
2005,Patton Oswalt
2006,Danai Gurira
2007,Gustavo Engrácia
2008,Douglas Hodge
2009,Vivica A. Fox
2010,Tetsurô Tanba
2011,Harry Riebauer
2012,Erwin Leder
2013,Chas Mastin
2014,Billy Bevan
2015,Sarah Edwards
2016,Benjamin Bratt
2017,Casey Wilson
2018,Joseph Bono
2019,Lexie Holland
2020,Rand Harper
2021,Andrew Garfield
2022,Charles Hallahan
2023,Tom Berenger
2024,Jon Key
2025,Mary Ann Haenel
2026,Chafûrin
2027,Sebastián Haro
2028,Robert C. Treveiler
2029,Fred Sorenson
2030,Stan Shaw
2031,Minosuke Yamada
2032,Andrew Borba
2033,Shigeru Chiba
2034,Florence Wright
2035,Jon Favreau
2036,Badrul Islam
2037,Jake McLaughlin
2038,Mark Hamill
2039,Kareena Kapoor
2040,Mohamad Akkar
2041,Edward Asner
2042,Masahiko Shimazu
2043,Kuniko Miyake
2044,Lisa Freeman
2045,Cathy Cavadini
2046,Benjie Bancroft
2047,Miguel Sandoval
2048,Jack Coogan Sr.
2049,Sally Field
2050,Sumi Shimamoto
2051,Shirley Stoler
2052,Carl Miller
2053,Tom Oberhaus
2054,David Kaye
2055,Michelle Christine White
2056,Will Sasso
2057,Phillip Alford
2058,Liisa Repo-Martell
2059,Terry Gilliam
2060,Linda Kaye
2061,Charlize Theron
2062,Ingrid Thulin
2063,Zoe Leader
2064,Michael Sottile
2065,Jack Benny
2066,Joe Cortese
2067,Helen Horton
2068,Eleanor Henry
2069,Orlando Bloom
2070,Verena Buratti
2071,Eugenie Bondurant
2072,Abe Simon
2073,Remo Girone
2074,Nicola Di Pinto
2075,Amine Benzenine
2076,Mona Singh
2077,Vasiliki Maliaros
2078,Joe Keaton
2079,Nicoletta Braschi
2080,Sam Worthington
2081,Sharon Menzel
2082,Ulrich Matthes
2083,Henry Fonda
2084,Yuka Terasaki
2085,Roman Guerriero
2086,Jasmine Cephas Jones
2087,Andrew Stanton
2088,Ian Sherman
2089,Tatsuo Matsumura
2090,Roberto Benigni
2091,Mario Zorrilla
2092,Friedrich Gnaß
2093,Joel Edgerton
2094,Emerson Gomes
2095,Otto Reiter
2096,Seth Hurwitz
2097,Gael García Bernal
2098,Donna Reed
2099,Peter Stormare
2100,Kim Tae-ri
2101,Peter Cushing
2102,Ahn Seong-bong
2103,Jharrel Jerome
2104,Billy Zane
2105,Cary-Hiroyuki Tagawa
2106,Ben Wright
2107,Babak Karimi
2108,Piper Perabo
2109,Michelle Pfeiffer
2110,Ravi Venkatraman
2111,Rahul Dev Shetty
2112,Zeffie Tilbury
2113,John Alban
2114,Andrew Scott
2115,Marisa Berenson
2116,Chie Kôjiro
2117,Tora Hallström
2118,Siobhan Fallon Hogan
2119,Linda Larkin
2120,Willi One Blood
2121,Toshiyuki Amagasa
2122,Billy Gilbert
2123,Pip Carter
2124,Lourdes Echevarría
2125,Bob Okazaki
2126,Marco Leonardi
2127,Kawsar Al Haddad
2128,Mustafa Kamel
2129,Lorenzo Robledo
2130,Ray Milland
2131,Tony McMahon
2132,Noah Jupe
2133,Branko Andric
2134,Muzaffer Demirel
2135,Lee Paul
2136,Brahim Hadjadj
2137,Frank W. Miller
2138,Harald Waiglein
2139,Missi Pyle
2140,Leo Gullotta
2141,Josie Smith
2142,Walter Huston
2143,Bill Irwin
2144,Lucia Rijker
2145,Issa Rae
2146,David Prowse
2147,Josip Elic
2148,Hertha von Walther
2149,Enrique Acosta
2150,Doug Hutchison
2151,Madge Sinclair
2152,MacInTalk
2153,Peter Appel
2154,Gerardo Campbell
2155,Jason Clarke
2156,Elspeth Cameron
2157,John Decker
2158,Kaitlyn Dias
2159,Frank Barnes
2160,Ted Oliver
2161,Haruko Sugimura
2162,Lorraine Gary
2163,William Hurt
2164,Mrunal Jadhav
2165,Yoo Min-chae
2166,Gloria Grahame
2167,Robert Earl Jones
2168,Don Blackman
2169,Firdous Bamji
2170,Jon Voight
2171,Elizabeth Judd
2172,Ngamta Suphaphongs
2173,Mary Elizabeth Mastrantonio
2174,Peter Dinklage
2175,Konrad Becker
2176,Margo Moorer
2177,Aldo Sambrell
2178,Harry Shannon
2179,Paula Poundstone
2180,Julian Rhind-Tutt
2181,Tara Strong
2182,James Lugton
2183,Angela Paton
2184,Dick Elliott
2185,William Russell
2186,Joe Pesci
2187,Justin Hogg
2188,Olly Boeheim
2189,Duane Chase
2190,Rina Takagi
2191,Ron Dean
2192,Bee Vang
2193,Robin Duke
2194,John Ratzenberger
2195,Sasha Hutchings
2196,Ichirô Nakatani
2197,Cameron Zeigler
2198,Wolf Kahler
2199,Dooley Wilson
2200,Stanley Adams
2201,Shima Iwashita
2202,Ron Rifkin
2203,Conchata Ferrell
2204,Guy Siner
2205,Sylvester Groth
2206,Philip Suriano
2207,Joe Ranft
2208,Sam Comery
2209,Kirk Taylor
2210,Josefine Balluck
2211,Tyler Coppin
2212,Sammi Rotibi
2213,Jô Azumi
2214,Timothy Crowe
2215,Lou Romano
2216,Anthony Ray Parker
2217,Richard Hughes
2218,Masao Mishima
2219,Wayne Knight
2220,Tom McCleister
2221,Shahab Hosseini
2222,Alonzo Brown
2223,Michael Carter
2224,Elsa Lanchester
2225,Ray Walston
2226,Álex Angulo
2227,Harry Nehring
2228,Craig Hill
2229,Jang Han-sun
2230,Bette Arlen
2231,Frank Sully
2232,Brian Cox
2233,David White
2234,Annette Bening
2235,Tony Galento
2236,Johnathan Geare
2237,Bruno Kirby
2238,Hailee Steinfeld
2239,Hugh Keays-Byrne
2240,Alec Baldwin
2241,Gene Jones
2242,Kiefer Sutherland
2243,Louise Burns
2244,Sara Zamani
2245,Hedda Hopper
2246,Boman Irani
2247,Maximiliano Trento
2248,Juan José Ortíz
2249,Chester Conklin
2250,Gene Wesson
2251,Tuesday Weld
2252,David Bailie
2253,Martin Stringer
2254,John Randall
2255,Bibi Andersson
2256,John C. McGinley
2257,Laurie Metcalf
2258,Vernon Dobtcheff
2259,Forrester Harvey
2260,Duane Murray
2261,Glen Powell
2262,Omid Djalili
2263,Jessica Skelton
2264,Søren Rønholt
2265,George P. Breakston
2266,Jack Elam
2267,Ed Crowley
2268,Danny Aiello
2269,Richard Young
2270,Ali Astin
2271,Karleen Griffin
2272,Leif Erickson
2273,Robert Stack
2274,Quincy Fouse
2275,Eijirô Tôno
2276,Max Dietze
2277,Grace Kelly
2278,Dennis Haysbert
2279,John Megna
2280,Bader Alami
2281,Anny Hintze
2282,Marlene Dietrich
2283,Jeffrey Jones
2284,James Mason
2285,James Cosmo
2286,Robert Nevin
2287,Erwin Biswanger
2288,Larry Joshua
2289,Janet Leigh
2290,Michael Peña
2291,Gordon Tanner
2292,Jo Dest
2293,Miles Teller
2294,David Schofield
2295,Frank Oz
2296,Joe D'Angerio
2297,Jeremy Irons
2298,Kamatari Fujiwara
2299,Solo
2300,Jeffrey Zubernis
2301,William Hootkins
2302,Cillian Murphy
2303,Andy Samberg
2304,Yoshio Matsuoka
2305,Norma Varden
2306,Hisao Toake
2307,Peter Finch
2308,Hank Mann
2309,Tomás Blanco
2310,Brian Howe
2311,Phyllis Smith
2312,Dorothy Barrett
2313,Jamel Debbouze
2314,Rishab Chadha
2315,Joan Cusack
2316,Daniel Engstrup
2317,Byron Barr
2318,Bruce M. Kerner
2319,Martin Brambach
2320,Keira Knightley
2321,Javier Bardem
2322,Alec Guinness
2323,Cho Yeo-jeong
2324,Jo Jae-myeong
2325,Nick Nolte
2326,Bill Paxton
2327,Paul Warriner
2328,Jerry O'Connell
2329,Edward Burns
2330,Grant Mitchell
2331,Morgan Freeman
2332,Haya Harareet
2333,Matt Damon
2334,Peter Lorre
2335,Christopher Lowell
2336,Harry Ayers
2337,Jack Adams
2338,Pat Walshe
2339,Salvatore Cascio
2340,Barbara O'Neil
2341,Reiko Suzuki
2342,Reg E. Cathey
2343,Miyu Tsuji
2344,Daiki Nakamura
2345,John Angelo
2346,Zendaya
2347,Bryan Batt
2348,Morgan Woodward
2349,Thomas Bermingham
2350,Edson Oliveira
2351,Eddie Powell
2352,Ian Holm
2353,Bruce Boa
2354,Lucas Hedges
2355,Doug Murray
2356,Bess Motta
2357,Scott Glenn
2358,Peter DiGesu
2359,Jerome Patrick Hoban
2360,Jun Tatara
2361,Kyla-Drew
2362,M.R.B. Chakrabandhu
2363,Tanie Kitabayashi
2364,Véra Clouzot
2365,Aparshakti Khurana
2366,Rai Tasco
2367,Julian Arahanga
2368,S.Z. Sakall
2369,Ikio Sawamura
2370,Arthur Burghardt
2371,Jack Kehoe
2372,Richard S. Castellano
2373,Kang Hye-jeong
2374,Eusebio Lázaro
2375,Hans Reiser
2376,Frances Cochran
2377,Holly Hunter
2378,Daveigh Chase
2379,Frank Grillo
2380,Al Lettieri
2381,Pauline Lynch
2382,Sharad Bhutadiya
2383,Nathaniel Buzolic
2384,Havis Davenport
2385,Hiroshi Tachikawa
2386,Richard Anderson
2387,Ricardo Darín
2388,Sean Sullivan
2389,George Relph
2390,Bernd Tauber
2391,Hamish Hughes
2392,Jun Tazaki
2393,Socorro Valdez
2394,Deni Gordon
2395,Tôru Takeuchi
2396,Bill Camp
2397,Ashley Dyke
2398,Eriq La Salle
2399,Claresie Mobley
2400,Frank Vincent
2401,Martin Landau
2402,Joan Allen
2403,Keenan Wynn
2404,Liev Schreiber
2405,Frederick Treves
2406,Mary Gibbs
2407,Domhnall Gleeson
2408,Claire Danes
2409,Carlos Alberto Vavassori
2410,David Calder
2411,Miles Mander
2412,Jennifer Aniston
2413,Benito Stefanelli
2414,Lee J. Cobb
2415,John Bach
2416,Barbara Bryne
2417,Mark Margolis
2418,Rosa Valetti
2419,Michael Jeter
2420,Jane Moore
2421,Lawrence Bender
2422,Jonathan Pryce
2423,Sandy Nelson
2424,Mads Mikkelsen
2425,Mitsunori Isaki
2426,Angus Sampson
2427,Neil Innes
2428,Ewan McGregor
2429,Sessue Hayakawa
2430,Frank Morgan
2431,Richmond Arquette
2432,Chieko Higashiyama
2433,Ian McKellen
2434,Dean-Charles Chapman
2435,Richard Masur
2436,Gary Riley
2437,Oscar Isaac
2438,Charlotte Rampling
2439,John Gowans
2440,Franco Moruzzi
2441,Emilia Fox
2442,Gustaf Gründgens
2443,Kana Hanazawa
2444,Sofía Espinosa
2445,Franz Stein
2446,Anna Thomson
2447,Tommy Lee Jones
2448,Reginald VelJohnson
2449,Haruko Katô
2450,Kara Wang
2451,Jennifer Connelly
2452,Tom Hulce
2453,Phoebe Nicholls
2454,Joseph Sikora
2455,Jamie Harris
2456,Joe Bricher
2457,Tom Wilson
2458,Rachel Majorowski
2459,Yogesh Sonam
2460,Ayano Shiraishi
2461,Glenn Beck
2462,Paul Dano
2463,Meghna Malik
2464,Cyd Charisse
2465,Bruce Bennett
2466,Philip Coolidge
2467,E.G. Marshall
2468,Pietro De Silva
2469,Sebastián Blanco
2470,Deirdre O'Connell
2471,Theodor Loos
2472,Lutz Schnell
2473,Nadia Essadiqi
2474,Dunia Saldívar
2475,César Vea
2476,Sean Astin
2477,Sharon Anderson
2478,Demetri Goritsas
2479,Giovanni Ribisi
2480,Marianna Hill
2481,Shane Wilder
2482,Anne Louise Hassing
2483,Stuart McQuarrie
2484,Tracy Letts
2485,Tony Kgoroge
2486,Roscoe Karns
2487,Ralph Meeker
2488,Daniel Bernhardt
2489,Elena Altieri
2490,Daniel Radcliffe
2491,Steen Ordell Guldbrand Jensen
2492,Anmol Charan
2493,Payman Maadi
2494,Dawn Addams
2495,Marlene Aames
2496,Keith A. Glascoe
2497,Hubertus Hartmann
2498,Angourie Rice
2499,Roberto Cañedo
2500,Masayuki Mori
2501,Ian Tyler
2502,Saoirse Ronan
2503,Martin May
2504,John Philliber
2505,Wanja Mues
2506,Ken Hudson Campbell
2507,Hardy Krüger
2508,Yô Ôizumi
2509,L.Q. Jones
2510,Reginald Denny
2511,Jaeden Bettencourt
2512,Javier Pedersoli
2513,Don Rickles
2514,Sharman Joshi
2515,Nomi Sharron
2516,Dorothy Comingore
2517,Colin Firth
2518,Nigel Stock
2519,Jophery C. Brown
2520,Michael P. Moran
2521,Giles New
2522,Laura Chinn
2523,Guy Torry
2524,Torsten Voges
2525,Gustav Fröhlich
2526,Kim Novak
2527,Andrée Damant
2528,Michele Sakara
2529,Richard Conte
2530,Luc Bernard
2531,Rebecca Hall
2532,Colette Hiller
2533,Sergi López
2534,Anthony Reynolds
2535,Ron Perkins
2536,Leon Pownall
2537,Floyd 'Red Crow' Westerman
2538,John Heffernan
2539,Casey Affleck
2540,Jack Kruschen
2541,Abbie Cornish
2542,Olivia Williams
2543,Raffaella Lebboroni
2544,Ned Beatty
2545,Nate Lang
2546,Michael Berryman
2547,Brooke Smith
2548,John Cho
2549,Lin-Manuel Miranda
2550,Lars Ranthe
2551,Donald Pleasence
2552,Brion James
2553,George Memmoli
2554,Eve Brent
2555,Ben Mendelsohn
2556,Peter Crombie
2557,Terence Longdon
2558,Beulah Bains
2559,Brett Cullen
2560,John Hollis
2561,Gilchrist Stuart
2562,Teresa Wright
2563,Tanay Chheda
2564,Don Cheadle
2565,Warren Clarke
2566,Jon Rua
2567,Les Tremayne
2568,Jeremy Leary
2569,Gunnar Sjöberg
2570,Mark Boone Junior
2571,George Sanders
2572,Asriah Nijres
2573,Michael Alldredge
2574,Edwina Carroll
2575,Alfonso Bedoya
2576,Mary Badham
2577,Robert Patrick
2578,Heino Ferch
2579,Tuba Büyüküstün
2580,Amanda Plummer
2581,Camille Bardou
2582,Dave Bautista
2583,Richard Gaines
2584,Mohammad-Hasan Hosseinian
2585,Sondra James
2586,Harris Yulin
2587,John McIntire
2588,Casey Siemaszko
2589,Lee Patrick
2590,Ken Fritz
2591,Samuel L. Jackson
2592,Gerda Stevenson
2593,Dominik Castell
2594,Haymon Maria Buttinger
2595,Ugo Paletti
2596,John Marley
2597,Chris Pedersen
2598,Dolly Grey
2599,Olivia Colman
2600,Harrison Ford
2601,John Slattery
2602,Keith Szarabajka
2603,Ivan Massagué
2604,Raymond Burr
2605,Garret Dillahunt
2606,Bernard Lee
2607,Sharon McFarlane
2608,Dick Miller
2609,Bilge Sen
2610,Alan Baxter
2611,Amardeep Jha
2612,Sachet Engineer
2613,Charles Parnell
2614,Sean Gullette
2615,Ed Stoppard
2616,Paul Bradley
2617,Josh Helman
2618,O.Z. Whitehead
2619,Macon Blair
2620,Corinna Harfouch
2621,Phillipa Soo
2622,Robin Sanders Clark
2623,Billie Burke
2624,Ángel Salazar
2625,Julie Delpy
2626,Anthony Milner
2627,Florence Pugh
2628,Jodie Foster
2629,Wilfrid Hyde-White
2630,Dieter Mann
2631,Amy Adams
2632,Shawn Schepps
2633,Trevor Howard
2634,Everett Sloane
2635,Hedwig Bleibtreu
2636,Morgan Paull
2637,Gilbert Dalleu
2638,Anthony Mackie
2639,Krzysztof Soszynski
2640,Sammy Stein
2641,Joseph Momo
2642,Wesley Addy
2643,Brian Tyree Henry
2644,Gloria Swanson
2645,F.J. Beuaregard
2646,Arliss Howard
2647,Otto Waldis
2648,Jerry Ziesmer
2649,Kumeko Urabe
2650,Kim Si-eun
2651,Takashi Shimura
2652,Anne Bancroft
2653,Tatsuya Nakadai
2654,Sandro Scarchilli
2655,Derrick Bridgeman
2656,Charles Dierkop
2657,Sadwyn Brophy
2658,Vincent D'Onofrio
2659,Garrett Palmer
2660,Jameson Thomas
2661,James Shigeta
2662,Kichijirô Ueda
2663,Rita Bennett
2664,Paul Tinto
2665,Anthony James
2666,Jennifer Darling
2667,Chika Sakamoto
2668,Leland Harris
2669,David Neidorf
2670,Ritvik Sahore
2671,Heather Downham
2672,Paul Reiser
2673,Rory O'Shea
2674,Gil Bellows
2675,David Cross
2676,Ida Bracci Dorati
2677,Perry Lopez
2678,Jerry Antes
2679,Jessie Royce Landis
2680,Paul Farrell
2681,Tom Sizemore
2682,Paul Bryar
2683,Burgess Meredith
2684,Don Creech
2685,Bob Bergen
2686,San Kim
2687,Gerald R. Molen
2688,Nick Moran
2689,Kenjirô Ishiyama
2690,Marisa Paredes
2691,Kirsten Dunst
2692,Carrie Louise Putrello
2693,Kevin Spacey
2694,Charles Lane
2695,Sarah Vowell
2696,Joshua Harto
2697,Gina Mastrogiacomo
2698,Lee Fierro
2699,Antonio David Lyons
2700,Mark Andrews
2701,Claude-Oliver Rudolph
2702,Sorcha Cusack
2703,Mariane Plasteig
2704,Sam Anderson
2705,Rudolf Blümner
2706,James Gammon
2707,Charles Forbes
2708,Jason Oliver Lipsett
2709,Heidi Schanz
2710,Kenneth Colley
2711,Anthony Rapp
2712,Robert Downey Jr.
2713,Cho Jin-woong
2714,Wayne Canney
2715,George Lynn
2716,Peter Mayhew
2717,Qolamreza Maleki
2718,Bunny Beatty
2719,Roddy Skeaping
2720,Jim Piddock
2721,Sebastian Bull
2722,Esther Michelson
2723,Frank Adu
2724,Avery Brooks
2725,Christopher Colombi Jr.
2726,Gertrud Fridh
2727,Amanda Brugel
2728,Richard E. Grant
2729,Kasi Lemmons
2730,Jim Farley
2731,Walter Stocker
2732,Wendie Jo Sperber
2733,Frank Welker
2734,Goya Toledo
2735,George Martin
2736,Xander Berkeley
2737,Erica Sullivan
2738,Bokuzen Hidari
2739,Phil Brown
2740,Mi Mi Lee
2741,Betty Farrington
2742,William Edmunds
2743,Montgomery Clift
2744,Daryl Hannah
2745,Samuel Lord Black
2746,Gabriele Ferzetti
2747,Richard Alexander
2748,Sara Berner
2749,Lumsden Hare
2750,Quvenzhané Wallis
2751,Neil Giuntoli
2752,Liam Neeson
2753,Dillon Freasier
2754,Tobey Maguire
2755,Milan Demjanenko
2756,Fernando Pardo
2757,Lawrence Tierney
2758,Robbie Sublett
2759,Tony Cosmo
2760,Leona Aderias
2761,Don Taylor
2762,Ron McQueen
2763,Uwe Ochsenknecht
2764,Jeffrey Kramer
2765,Florence Bates
2766,Francis Bernhardt
2767,Zoe Saldana
2768,Christopher Lee
2769,R. Lee Ermey
2770,Karl Platen
2771,Parikshit Sahni
2772,Al Mulock
2773,Nehemiah Persoff
2774,Flea
2775,Donna Sorbello
2776,Dan Doherty
2777,Tony Curtis
2778,Barry Dennen
2779,Hattie McDaniel
2780,Sally Kinghorn
2781,Hajime Maki
2782,Spike Leighton
2783,Clarke Peters
2784,Leonardo DiCaprio
2785,Teruko Nagaoka
2786,Eleanor Parker
2787,Pierfrancesco Favino
2788,Jay Livingston
2789,Mohammad Ebrahimian
2790,William Atherton
2791,Don Fellows
2792,Bruce MacVittie
2793,Toni Collette
2794,Olivier Lafont
2795,Steven Bauer
2796,Hope Holiday
2797,Tip Tipping
2798,Dorian Harewood
2799,Anthony Higgins
2800,Seguna
2801,Robert Duvall
2802,Keith Allen
2803,George Coulouris
2804,Margo Winkler
2805,Michael Pennington
2806,Daniel Cerqueira
2807,Hamed Najem
2808,Miriam Karlin
2809,Andrzej Seweryn
2810,Martin Balsam
2811,Peter Bull
2812,Tony Darrow
2813,James Adamson
2814,François Cluzet
2815,Ed Begley
2816,Lola Daehler
2817,Lou Antonio
2818,Shirô Saitô
2819,Dominique Daguier
2820,Val Kilmer
2821,Hank Azaria
2822,Alejandro Barrios
2823,Jean Arthur
2824,Don Johnson
2825,Lola Kirke
2826,Neil McCarthy
2827,Alexandre Rodrigues
2828,Hal Holbrook
2829,America Ferrera
2830,Diane Lane
2831,Brad Dourif
2832,Emily Ricks Hahn
2833,Stéphane Roux
2834,Akira Ishihama
2835,Jonathan Searle
2836,David Oyelowo
2837,Chris Hemsworth
2838,Barbara Bates
2839,Matthew Broderick
2840,Debi Derryberry
2841,Girija Oak
2842,Franco Columbu
2843,Robin Pappas
2844,Albert Delpy
2845,B.J. Novak
2846,Shoaib Ahmed
2847,William Shatner
2848,Kazimir Rabetsky
2849,Christine Ebersole
2850,Harry Connick Jr.
2851,Charles Napier
2852,Tracey Walter
2853,Tim Colceri
2854,Christopher John Fields
2855,Armando Annuale
2856,Viktors Lorencs
2857,Thomas Kretschmann
2858,Kôzô Hashida
2859,Kent Faulcon
2860,Werner Klemperer
2861,Chip Love
2862,Daniel Truhitte
2863,Irving Bacon
2864,Roderick Cook
2865,Ronald Lacey
2866,Sven-Ole Thorsen
2867,Karl Bruckschwaiger
2868,Ara Celi
2869,Frank Whaley
2870,Danny Borzage
2871,Barry Del Sherman
2872,Robert Blake
2873,Sala Baker
2874,George O'Hanlon
2875,Dorothée Brière
2876,Marita Geraghty
2877,Frank Aderias
2878,Richard Brake
2879,Billy Sands
2880,Bruce Allpress
2881,Rob Lynds
2882,Richard Hale
2883,Victor Alexander
2884,Shameik Moore
2885,Charles Rocket
2886,Frank Adonis
2887,John Mahoney
2888,Tsutomu Yamazaki
2889,Georgine Darcy
2890,Cynthia Dale Scott
2891,Josephine Hutchinson
2892,Robert Winley
2893,Kim Basinger
2894,Jeffrey Voorhees
2895,Gregory Peck
2896,Frank Topham
2897,Budd Fine
2898,Willie Garson
2899,Emile Meyer
2900,Kyôko Kagawa
2901,Brooke Chia Thao
2902,Jonathan Haagensen
2903,Rob Degnan
2904,Raymond Lee
2905,Jeremiah Ndlovu
2906,María Marull
2907,Caroline Goodall
2908,Spencer Tracy
2909,Alejandro Abelenda
2910,Harry Belcher
2911,Mari Natsuki
2912,Matthias Brenner
2913,Daniel Kash
2914,Adam Goldberg
2915,Sebastian Koch
2916,Sam Rockwell
2917,Fred Crane
2918,Natalie Morales
2919,Jack Gwillim
2920,Erskine Sanford
2921,Walter Hampden
2922,Sheila Raynor
2923,Leonard Harris
2924,Virginia Mayo
2925,Daniel Richter
2926,Minna Gombell
2927,Jefechander Suplino
2928,Greg Trzaskoma
2929,Jacky Ido
2930,Allison Janney
2931,Steve Susskind
2932,George E. Stone
2933,Nakajirô Tomita
2934,Ulrich Tukur
2935,Jennifer Garner
2936,Nicholas McGaughey
2937,Willard Waterman
2938,Jane Darwell
2939,Bert Lahr
2940,Lillian Adrian
2941,Devon Cole Borisoff
2942,Jung Hyun-jun
2943,Woo Go-na
2944,Phil LaMarr
2945,Thelma Ritter
2946,Makoto Kobori
2947,Kim Kopf
2948,Peggy Wood
2949,Clémence Poésy
2950,Choua Kue
2951,Mackenzie Foy
2952,Fred Clark
2953,Luna Lauren Velez
2954,Jack Davenport
2955,Nicholas Hammond
2956,Anders Ek
2957,Jake Johnson
2958,Bunta Sugawara
2959,Thomas Solivérès
2960,Carrie Coon
2961,Jung Ji-so
2962,Eli Wallach
2963,Jacques Perrin
2964,Setsuko Hara
2965,Laurence Herder
2966,Alba Gaïa Bellugi
2967,Tai-Li Lee
2968,Oscar Polk
2969,Linda Hamilton
2970,Estelle Evans
2971,Glenn Fitzgerald
2972,Jason Gray-Stanford
2973,Gavin Lyle Foley
2974,Charly Hübner
2975,Megan Edwards
2976,Gene Kelly
2977,Michio Denpô
2978,Barbara Drew
2979,Noah Emmerich
2980,Aunjanue Ellis-Taylor
2981,Jaaved Jaaferi
2982,Bob Peck
2983,Kyle Chandler
2984,Elizabeth Rodriguez
2985,Danny Darst
2986,Masayuki Yui
2987,Kô Nishimura
2988,Philip Winter
2989,Michal Zebrowski
2990,Laurence Olivier
2991,John Carpenter
2992,Gus Lewis
2993,Tugyan Akay Kavukçu
2994,John Gavin
2995,Todd Karns
2996,Shin'ichi Himori
2997,Ritchie Coster
2998,Audrey Tautou
2999,Elise Neal
3000,Simon Oakland
3001,Luis De Lima
3002,Tamizh
3003,James D'Arcy
3004,Alistair Browning
3005,Nigel Bruce
3006,Alex Fernandez
3007,Denis Evrard
3008,Barbara Stanwyck
3009,Katie Holmes
3010,Armand Lurville
3011,Alice Braga
3012,Maury Chaykin
3013,Len Cariou
3014,Margaret Bacon
3015,Paulette Goddard
3016,Norm MacDonald
3017,Ryo Narita
3018,Gil Baroni
3019,Bruce Glover
3020,Mary Agnes Nixon
3021,Jillie Simon
3022,Leo Bieber
3023,Nick Marcq
3024,Dimitra Arliss
3025,Axel Garbi
3026,Elizabeth Perkins
3027,Ariadna Gil
3028,Gloria Foster
3029,Garrick Hagon
3030,Abdullah Abbas
3031,John M. Watson Sr.
3032,Riman Al Rafeea
3033,Nando Bruno
3034,Stanley Tucci
3035,Gian Maria Volontè
3036,Marcus Chong
3037,Yuki Kazamatsuri
3038,Frank Campeau
3039,Jack Cunningham
3040,Sergeant Bukowski
3041,Majd Nabil Alhalabi
3042,Stephen Dunlevy
3043,Tom Milanovich
3044,Edward Binns
3045,Adolphe Menjou
3046,Carl Duering
3047,Heinrich George
3048,Hisashi Igawa
3049,Yoo Seung-mok
3050,Ola Sturik
3051,Lan Fendors
3052,Jack Warden
3053,Daveed Diggs
3054,Kimiko Glenn
3055,Abhishek Sengupta
3056,Rolf Kanies
3057,James Coburn
3058,Chieko Baishô
3059,Michael Kenneth Williams
3060,Sal Lopez
3061,Rudolf Klein-Rogge
3062,Mara Krupp
3063,Mila Espiga
3064,Eddie Fisher
3065,Dreama Walker
3066,Popeye
3067,Samuel S. Hinds
3068,Henry Bergman
3069,Jessica Chastain
3070,Nello Appodia
3071,André Berley
3072,Brad James
3073,Gianni Russo
3074,Don Dunphy
3075,Paul Sloan
3076,Kazuo Katô
3077,Tom Murray
3078,Donald Wolfit
3079,Robert B. Kennedy
3080,Ruth White
3081,Sibi Thomas
3082,Harrison Taylor
3083,David Strathairn
3084,José Ferrer
3085,Ken Kenny
3086,Thomas Jay Ryan
3087,Colin McFarlane
3088,Bo Byers
3089,Sonali Sachdev
3090,Steven Mackintosh
3091,Zach Galifianakis
3092,Kanami Satô
3093,Yoshiko Miyazaki
3094,Ralph Fiennes
3095,Seo Young-hwa
3096,Tess Harper
3097,Yôko Tsukasa
3098,Michael Bowen
3099,Dutch Miller
3100,Wes Studi
3101,George Leigh
3102,Maxim Gaudette
3103,Gio Petré
3104,Jason Isaacs
3105,Richard Higgs
3106,Albert Hall
3107,Renee Victor
3108,Don Beddoe
3109,Pete Postlethwaite
3110,Ewen Bremner
3111,Frank Wolff
3112,James Anderson
3113,Tony Todd
3114,Aurore Clément
3115,Marie Pillet
3116,John Anderson
3117,Charles Kay
3118,Terrence Burton
3119,Tarako
3120,Omar Doom
3121,Corkey Ford
3122,Steve Cochran
3123,Catherine Scorsese
3124,Florence Lee
3125,Mel Lambert
3126,Jack Arrow
3127,Daniel Brühl
3128,Richard Davalos
3129,Callum Keith Rennie
3130,Mathieu Kassovitz
3131,Josh Hutcherson
3132,Lee Jeong-eun
3133,Bernard Hill
3134,Tom Everett
3135,Eileen Nicholas
3136,Trevor Steedman
3137,Neda Margrethe Labba
3138,Graham Chapman
3139,Stephen Graham
3140,Stephen Baldwin
3141,Dariush Mokhtari
3142,Jada Pinkett Smith
3143,Åke Fridell
3144,Hope Easterbrook
3145,Takashi Watanabe
3146,Glen Cavender
3147,Ward Bond
3148,Lee Strasberg
3149,Damon Gupton
3150,Grace Hayle
3151,Ricco Ross
3152,Eddie Marsan
3153,James Parks
3154,Kai Steel Smith
3155,Josep Palau i Fabre
3156,Christie Cronenweth
3157,Ralph Riach
3158,Henry Daniell
3159,Judith Evelyn
3160,Lucius Wyatt Cherokee
3161,Brad Garrett
3162,Rumi Hiiragi
3163,Renee Blaine
3164,Dimiter D. Marinov
3165,Melissa Leo
3166,Tadashi Nakamura
3167,Nichole Galicia
3168,Glenn Fleshler
3169,César Bordón
3170,Catherine Keener
3171,Leila Hatami
3172,William Duell
3173,Jane Adams
3174,Don Stark
3175,Sally Wingert
3176,Robert Eddison
3177,Sean Young
3178,Georg John
3179,Daniel Kaluuya
3180,Jonah Hill
3181,Hanno Pöschl
3182,Vinny Vella
3183,Bruce Gooch
3184,Giuliana Lojodice
3185,Frank Albertson
3186,Lombardo Boyar
3187,Beulah Quo
3188,John Cusack
3189,Mwako Cumbuka
3190,Daniel Zacapa
3191,Pete Schrum
3192,Sue Allen
3193,Kim Hae-sook
3194,James Woods
3195,Heinrich Gotho
3196,Guy Doleman
3197,Werner Daehn
3198,Steve Reevis
3199,Tim DeZarn
3200,William Tubbs
3201,Sydney Lassick
3202,Roy Dotrice
3203,Clive Ashborn
3204,Christopher Berry
3205,James G. Hoosier
3206,Clotilde Mollet
3207,Malinda McCollum
3208,John Stein
3209,Hitoshi Ueki
3210,Giustino Durano
3211,Mark Strong
3212,Suhani Bhatnagar
3213,Angel Schmiedt
3214,Chris Kell
3215,Hakeem Kae-Kazim
3216,Richard Platt
3217,Jason R. Lone Hill
3218,Victoria Karnafel
3219,Ajay Devgn
3220,Pierre Segui
3221,Felix Bressart
3222,Vittorio Antonucci
3223,Maria Falconetti
3224,Cathy Moriarty
3225,Peter Mullan
3226,Sam Bagley
3227,Tim Allen
3228,Bob Gunton
3229,Bob Peterson
3230,Robert Redford
3231,William Alland
3232,Alex Hyde-White
3233,Grégoire Oestermann
3234,Yutaka Sada
3235,Kitty Winn
3236,Tommaso Neri
3237,Peggy Roeder
3238,Lenny McLean
3239,Carlos Alazraqui
3240,Craig T. Nelson
3241,Scott Eastwood
3242,Tom Noonan
3243,Hasan Roohparvari
3244,Leon Briggs
3245,Ted King
3246,Lucy Skeaping
3247,Stephen Tobolowsky
3248,John Mahon
3249,Christopher Lloyd
3250,Benicio Del Toro
3251,Judy Clayton
3252,Siegfried Breuer
3253,Veronica Cartwright
3254,Daniel Marks
3255,Isla Blair
3256,William Davidson
3257,Vic Tablian
3258,Alan Hale
3259,Reginald Gardiner
3260,Carol Cleveland
3261,Sergio Santana
3262,Masao Shimizu
3263,Josh Charles
3264,Takashi Naitô
3265,John Mulaney
3266,Roberta Lena
3267,Kim Roe-ha
3268,Elijah Wood
3269,Evangeline Lilly
3270,Stephanie Searson
3271,Sareh Bayat
3272,Ray Evans
3273,Tony Goldwyn
3274,Morgan Hunter
3275,Douglas Rain
3276,Otto Wernicke
3277,Kôichi Hayashi
3278,Sandy Johnson
3279,Sky Alexis
3280,Jayarao
3281,Yoo Yeon-seok
3282,Chae-soo Jang
3283,Takashi Onozuka
3284,Geraldine Hughes
3285,Michael Badalucco
3286,Patsy Smart
3287,Leo Britt
3288,Dean R. Brooks
3289,Anthony Quinn
3290,Kent Cassella
3291,Oliver Stritzel
3292,Marshall Bell
3293,Dorothy Adams
3294,Estelle Cook
3295,Brad Bird
3296,John Williams
3297,Paulie Litt
3298,Jürgen Bohn
3299,James Brolin
3300,Jack Fletcher
3301,Michael V. Gazzo
3302,Helen Ryan
3303,Jack Ano
3304,Isa Danieli
3305,Andreas Wisniewski
3306,Mélanie Laurent
3307,Joerg Stadler
3308,Theresa Saldana
3309,Hitoshi Takagi
3310,Maggie Gyllenhaal
3311,The Singer Midgets
3312,Harry Cohn
3313,Alison Folland
3314,Kim Kyu-baek
3315,Lerato Mokgotho
3316,Katarina Cas
3317,Mike Mazurki
3318,John Cazale
3319,Mark Pellegrino
3320,Lalitha Lajmi
3321,Pete Docter
3322,Joseph Ragno
3323,Lauren Bacall
3324,Rick Rossovich
3325,Ted Grossman
3326,Roberto Camardiel
3327,Charles Chaplin
3328,Davenia McFadden
3329,Luis Otávio
3330,Sue Casey
3331,Steven Houska
3332,Maurice Moscovitch
3333,Shigesato Itoi
3334,Behzad Rafi
3335,Michael Gilden
3336,Magnus Nolan
3337,Harold G. Herthum
3338,Elena Wohl
3339,Alex Sol
3340,Linda Blair
3341,Cas Anvar
3342,Megan Gale
3343,Johnny Aber
3344,Will Arnett
3345,Sebastian Stan
3346,Zaira Wasim
3347,Samantha Mahurin
3348,Kirk Douglas
3349,Hugh Marlowe
3350,Herschel Graham
3351,Melissa Jaffer
3352,Jonathan Freeman
3353,William Sadler
3354,Brian Chamberlain
3355,Michael Byrne
3356,Akihiro Miwa
3357,Hannibal Buress
3358,Anthony Allgood
3359,James Kelly
3360,Kieron Elliott
3361,Bastian Trost
3362,Bobby Moynihan
3363,Folco Lulli
3364,Doris Leader Charge
3365,Zach Grenier
3366,Roger Booth
3367,Hwang In-kyung
3368,Lisa Bradley
3369,John Shrapnel
3370,Shirley Mills
3371,Inge Landgut
3372,Teruhisa Harita
3373,Kevin Dillon
3374,Colleen McCauley
3375,Marisa Tomei
3376,Desmond Dube
3377,Barbara Bel Geddes
3378,Lisa Banes
3379,Michelle Williams
3380,Dorris Bowdon
3381,Matt McCoy
3382,Jo Van Fleet
3383,John Arledge
3384,Jullan Kindahl
3385,Yûnosuke Itô
3386,Finn Carr
3387,Bee Duffell
3388,Ted Beniades
3389,Carla Quevedo
3390,Eddie Byrne
3391,Frances Fisher
3392,Melissa Peterman
3393,Alan Tall
3394,Portia Nelson
3395,Anthony Mangano
3396,David Aston
3397,Frank Braña
3398,Kevyn Major Howard
3399,Agnese Nano
3400,Jean Sincere
3401,William Sylvester
3402,Ralf Moeller
3403,Henry Baird
3404,Joe Aufiery
3405,Charles Laughton
3406,Lewis Black
3407,Manny Jacinto
3408,Luis Rodríguez
3409,Noel Appleby
3410,John Cleese
3411,Evgeniy Tilicheev
3412,Sanjay Dadhich
3413,Steven Berkoff
3414,Luke Askew
3415,Jack Nicholson
3416,Michael Keaton
3417,Hugh Jackman
3418,Lionel Stander
3419,Ravi Khanvilkar
3420,Aaron Eckhart
3421,Fereshte Sarabandi
3422,Ryan O'Neal
3423,Ruth Warrick
3424,Steve Rankin
3425,Amy Poehler
3426,Kurtwood Smith
3427,Michael Kaycheck
3428,Lee Van Cleef
3429,Geoffrey Rush
3430,Atsushi Watanabe
3431,Rebecca Ferguson
3432,Jud Taylor
3433,Julianne Moore
3434,Edward Platt
3435,Rupert Graves
3436,Ward Crane
3437,Naima Wifstrand
3438,Nathan George
3439,Precious Chong
3440,Bill Hader
3441,Massimo Bianchi
3442,Richard Dreyfuss
3443,Kristen Dalton
3444,Matt Gordon
3445,Diahnne Abbott
3446,Nathan Lee Chasing His Horse
3447,Paul Bettany
3448,Harry C. Bradley
3449,Leo G. Carroll
3450,Jeff Garlin
3451,Adam Baldwin
3452,Gabriel Akuwudike
3453,Thayer David
3454,Tôru Abe
3455,Colin Stinton
3456,Tatsuya Gashûin
3457,Serge Merlin
3458,Tessa Thompson
3459,Sebastian Maniscalco
3460,Shirô Ôsaka
3461,Burr Steers
3462,Wes Bentley
3463,Memmo Carotenuto
3464,Margarito Luna
3465,Kurt Koehler
3466,Halit Ergenç
3467,Helena Bonham Carter
3468,Estelle Harris
3469,Georgia Backus
3470,Mohammad Amir Naji
3471,Tisca Chopra
3472,Tanya Clarke
3473,Mark Wahlberg
3474,Álvaro Guerrero
3475,Birgit Minichmayr
3476,Aliash Tepina
3477,Carla Medina
3478,John Hurt
3479,Sandra Taylor
3480,Hudson Galloway
3481,Jed Brophy
3482,Jennifer Hagan
3483,Ray Collins
3484,Graham Greene
3485,Tarik Lowe
3486,Alden Ehrenreich
3487,Erni Mangold
3488,Masume Dair
3489,Leopoldo Trieste
3490,Jim Gallien
3491,Robert Garvin
3492,Jerry Fujikawa
3493,H.B. Warner
3494,Erwin Connelly
3495,Siv Aleros
3496,Murray Hamilton
3497,Diana Lewis
3498,Sean Lawlor
3499,Jason Alexander
3500,Yôsuke Natsuki
3501,Abdel Ahmed Ghili
3502,Jacob Tremblay
3503,Sydney 'Big Dawg' Colston
3504,Donnie Wahlberg
3505,Nastassja Kinski
3506,John T. Bambury
3507,Sonny Caldinez
3508,Abe Vigoda
3509,Brian Doyle-Murray
3510,Tabu
3511,Choukri Gabteni
3512,Shelley Duvall
3513,Isabel Analla
3514,Takehiko Ono
3515,Viggo Mortensen
3516,Hümeyra
3517,Zoë Soul
3518,William Russ
3519,Nat Grant
3520,John Lurie
3521,Jay Mello
3522,Ana Ofelia Murguía
3523,Mukund Bhatt
3524,Steve Buscemi
3525,Robert Sean Leonard
3526,Christian McKay
3527,Philip McGrade
3528,Elisabeth Granli
3529,Joe E. Brown
3530,Sydney McCallister
3531,Natalie Dormer
3532,John Standing
3533,Huggy Leaver
3534,Reynaldo Gallegos
3535,Darsheel Safary
3536,Trevor Morgan
3537,Brian Thompson
3538,Frank Overton
3539,Jennifer Morrison
3540,Michael J. Fox
3541,Gary Oldman
3542,Keith Fennell
3543,Kait Tenison
3544,Reggie Johnson
3545,Doua Moua
3546,Matthias Habich
3547,Stephen Fry
3548,Joseph Cotten
3549,Susan Traylor
3550,Emma Watson
3551,Janeane Garofalo
3552,Paul Guilfoyle
3553,Harold Russell
3554,John Worsham
3555,Roger Yuan
3556,Teddy Newton
3557,Eric Challier
3558,Billy Nelson
3559,Rosemary Murphy
3560,Butterfly McQueen
3561,Teena Collins
3562,Jerry Hausner
3563,Georgia Hale
3564,Mickey Cantwell
3565,David Carradine
3566,Phellipe Haagensen
3567,Robert Loggia
3568,John Gielgud
3569,Sarah Roemer
3570,Ezra Buzzington
3571,Margot Robbie
3572,Lewis Pullman
3573,Jerome Ranft
3574,Erick Avari
3575,Les Podewell
3576,Vipin Sharma
3577,Patrick Stewart
3578,Ernesto Escoto
3579,Seung-shin Lee
3580,Edward Bunker
3581,Rachel McAdams
3582,James Cunningham
3583,Fred Bell
3584,Teddy Blum
3585,Amy Brenneman
3586,Héctor Drachtman
3587,Juana Sutton
3588,Nicolas Cage
3589,Aamir Khan
3590,Hussein Sami
3591,John Ballas
3592,Sven Hugo Borg
3593,Melissa Prophet
3594,Hart Bochner
3595,Mathilde Vitry
3596,Julia Fletcher
3597,Frank Thring
3598,Jean Simmons
3599,Rupert Grint
3600,Prasanna Ketkar
3601,David Gyasi
3602,Jim Beidler
3603,Mira McKinney
3604,Crahan Denton
3605,Herbert Knaup
3606,Paul Calderon
3607,Emma Druetti
3608,Richard Attenborough
3609,Bilge Jeschim
3610,Rodrigo Fernandez-Stoll
3611,Sherry Lynn
3612,Adriana Barraza
3613,Noriko Hidaka
3614,Beverly D'Angelo
3615,Lisa Burns
3616,John Bartha
3617,Niketa Calame-Harris
3618,Friedrich von Thun
3619,Antonio Casas
3620,Jun Kunimura
3621,Michael James Allen
3622,Ashley Jensen
3623,Austin Pendleton
3624,William Begg
3625,Nafise Ghodrati
3626,Porter Hall
3627,Shriya Saran
3628,Scarlett Johansson
3629,Clark Gregg
3630,Philip King
3631,Mark Gatiss
3632,Kambiz Peykarnegar
3633,Rosanna Arquette
3634,Collette Wolfe
3635,Ruth Donnelly
3636,Michael Elphick
3637,André Morell
3638,Prudence Beers
3639,Michael Schneider
3640,Dante Maggio
3641,Corrado Invernizzi
3642,Zeljko Ivanek
3643,C.C. Cruson
3644,Ricardo Dalmacci
3645,Yoo Ji-tae
3646,Philip Stone
3647,Fadi Yousef
3648,Gary Merrill
3649,Vik Sahay
3650,Niki McElroy
3651,Lev Abramov
3652,Saul Rubinek
3653,Manuel Dondé
3654,Hannah Gordon
3655,Vince Vaughn
3656,Uma Thurman
3657,Denholm Elliott
3658,Charles Durning
3659,Zain Al Rafeea
3660,Xolani Mali
3661,Nicholas Hoult
3662,Jay Baruchel
3663,Courtney Eaton
3664,Christopher Darga
3665,Kit Carson
3666,Fatima Sana Shaikh
3667,Buddy Swan
3668,Tilda Swinton
3669,Douglas Fowley
3670,Majida Hussein
3671,Lee Kyu-jung
3672,Brian Sacca
3673,Jack Webb
3674,William Beck
3675,Darrell Zwerling
3676,Javier Godino
3677,Diana Körner
3678,Richard Pyros
3679,Quinn Duffy
3680,Kevin McNally
3681,Stockton Taylor
3682,Josh Flitter
3683,James Tolkan
3684,Paris Howe Strewe
3685,Elissa Knight
3686,Manning Redwood
3687,Souheila Yacoub
3688,Angelo Novi
3689,Ilavarasu
3690,Seiji Miyaguchi
3691,Amerigo Fontani
3692,Giulio Battiferri
3693,Claude Perron
3694,David Clennon
3695,Chiwetel Ejiofor
3696,Anthony Anderson
3697,Patrick Magee
3698,J.D. Cannon
3699,Jean d'Yd
3700,Jason Fitch
3701,Isaac C. Singleton Jr.
3702,Andy Apollo
3703,Josh Cooley
3704,Lara Flynn Boyle
3705,Stanley Ridges
3706,Maïwenn
3707,Torben Meyer
3708,Dominique Pinon
3709,Maribel Verdú
3710,Brenda Wehle
3711,Peter Dobson
3712,Ted Danson
3713,Tom Rosqui
3714,Billie Gibson
3715,Ahmad Massad
3716,Kiko Marques
3717,David Morse
3718,Bud Luckey
3719,Fortunio Bonanova
3720,Jeremy Bulloch
3721,Ross Bagdasarian
3722,Mutsuko Sakura
3723,Vivan Bhatena
3724,Tsutomu Tatsumi
3725,Brock Peters
3726,Barbara White
3727,Robert Pastorelli
3728,Chris Pine
3729,Sandra Ellis Lafferty
3730,Leonard Kelly-Young
3731,Astrid Allwyn
3732,Charles Dayton
3733,Philip Tonge
3734,Amir Farrokh Hashemian
3735,Jane Connelly
3736,Peter Boyle
3737,Hampig Abraham
3738,Giancarlo Esposito
3739,Kenneth McMillan
3740,Jack Schumacher
3741,Jacob Batalon
3742,Mischa Barton
3743,Tony Pierce
3744,Cristin Milioti
3745,Suzanne Shepherd
3746,Joseph Plewa
3747,John Travolta
3748,Escalante Lundy
3749,R.L. Armstrong
3750,Medha Shankr
3751,Russ Fega
3752,John Bloom
3753,Inga Gill
3754,Gilbert Dacheux
3755,Tom Gorman
3756,Ato Essandoh
3757,Oliver Marks
3758,M.S. Bhaskar
3759,Hal Galili
3760,Harve Presnell
3761,Joe Morton
3762,Chris Mulkey
3763,Cecil B. DeMille
3764,Daijirô Harada
3765,Tony Denman
3766,Ralf Richter
3767,Don Ames
3768,Eric Idle
3769,Peter O'Toole
3770,Gunnel Lindblom
3771,Alison Halstead
3772,Carlos Miranda
3773,George Kelly
3774,Peter McNicholl
3775,Dana Gourrier
3776,Jean Aymé
3777,Carleigh Bettiol
3778,Julie Dreyfus
3779,Jim Carrey
3780,Michael Edwards
3781,Richard Ridings
3782,Masayo Sakai
3783,Ruta Lee
3784,Mort Mills
3785,Erik von Detten
3786,Rita Cortese
3787,Nancy Olson
3788,Arturo Soto Rangel
3789,Marie Gruber
3790,Supergood Subramani
3791,Billy Postlethwaite
3792,Jonathan Sagall
3793,Bernhard Wicki
3794,Yôhei Namekawa
3795,Charlie Ian
3796,Una O'Connor
3797,Michael Bates
3798,Betsy Ann Hisle
3799,M.K. Raina
3800,Martin Boddey
3801,Mike Myers
3802,Richard Bright
3803,Nobunaga Shimazaki
3804,Elias Khoury
3805,Roya Hosseini
3806,Julieta Zylberberg
3807,Octavia Spencer
3808,Sakichi Sato
3809,Joséphine de Meaux
3810,Wendy Crewson
3811,Rywka Wajsbrot
3812,Thomas Lawinky
3813,Edward James Olmos
3814,Toshirô Mifune
3815,Capri Thomas
3816,Hamid Dadju
3817,Jamil Ahmad
3818,Moon So-ri
3819,George Macready
3820,Chia-Hui Liu
3821,Sebastian Shaw
3822,Alistair Petrie
3823,Cary Grant
3824,William Devane
3825,Mykelti Williamson
3826,Brian Rodger
3827,Shmuel Levy
3828,River Phoenix
3829,Gerhard Bienert
3830,Jennifer Lien
3831,Yordanos Shiferaw
3832,David Bair
3833,John Leyton
3834,François Caron
3835,Rufus
3836,Lubna Azabal
3837,Kate Winslet
3838,Anthony Escobar
3839,Vikas Divyakirti
3840,Timothée Chalamet
